Zone;Addresse;Nom;Nb affiches;Dernier Collage;Décollé?;Nom Itinéraire;Pos Itinéraire;Coordonnées;Officiel;;;;;;;;;;;;;;
L'isle D'espagnac;Esplanade Jean Ferrand;Esplanade Jean Ferrand;;04/04/2022 22:52;TRUE;Officiel L'isle D'espagnac;;45.660550, 0.201310;TRUE;;;;;;;;;;;;;;
L'isle D'espagnac;Rue de la libération;Rue de la libération;1;05/06/2022 19:51;FALSE;Officiel L'isle D'espagnac;1;45.666133, 0.202772;TRUE;;;;;;;;;;;;;;
L'isle D'espagnac;Avenue Jean Mermoz;foyer culture loisirs;1;30/05/2022 23:27;FALSE;Officiel L'isle D'espagnac;1;45.672439, 0.209565;TRUE;;;;;;;;;;;;;;
L'isle D'espagnac;Avenue de Montbron;Bois Boutin;;01/06/2022 23:19;FALSE;Officiel L'isle D'espagnac;;45.662133, 0.218808;TRUE;;;;;;;;;;;;;;
L'isle D'espagnac;Avenue Jean Jaurès;rue Georges Clémenceau;;01/06/2022 22:14;FALSE;Officiel L'isle D'espagnac;;45.652663, 0.190478;TRUE;;;;;;;;;;;;;;
L'isle D'espagnac;Rue des Plantiers;Rue des Plantiers;1;01/06/2022 23:32;FALSE;Officiel L'isle D'espagnac;1;45.666151, 0.195949;TRUE;;;;;;;;;;;;;;
L'isle D'espagnac;Rue Denis Papin;;1;01/06/2022 23:26;FALSE;Officiel L'isle D'espagnac;1;45.658958, 0.190642;TRUE;;;;;;;;;;;;;;
L'isle D'espagnac;Rue Aristide Briand;Ancien garage;;01/06/2022 23:27;FALSE;Officiel L'isle D'espagnac;;45.659478, 0.202945;TRUE;;;;;;;;;;;;;;
L'isle D'espagnac;Rue Victore Hugo;Rue Victore Hugo;1;01/06/2022 23:37;FALSE;Officiel L'isle D'espagnac;1;45.668552, 0.187267;TRUE;;;;;;;;;;;;;;
L'isle D'espagnac;Boulevard des Ecasseaux;Boulevard des Ecasseaux;;01/06/2022 23:37;FALSE;Officiel L'isle D'espagnac;;45.66559819079456, 0.1903490781182613;TRUE;;;;;;;;;;;;;;
L'isle D'espagnac;Avenue de la République;;1;05/06/2022 19:51;FALSE;Officiel L'isle D'espagnac;1;45.660834, 0.182274;TRUE;;;;;;;;;;;;;;
MAGNAC SUR TOUVRE;Rue R. Guillardie;Rue R. Guillardie;;05/06/2022 20:33;FALSE;Franck;;45.676294420912704, 0.22281911794601245;TRUE;;;;;;;;;;;;;;
MAGNAC SUR TOUVRE;Rue Pasteur;Rue Pasteur;;05/06/2022 21:11;FALSE;Franck;;45.675868, 0.224621;TRUE;;;;;;;;;;;;;;
MAGNAC SUR TOUVRE;Place du marché;Place du marché;;05/06/2022 20:20;FALSE;Franck;;45.665921, 0.237220;TRUE;;;;;;;;;;;;;;
MAGNAC SUR TOUVRE;Rue A. Briand;Rue A. Briand;;05/06/2022 20:23;FALSE;Franck;;45.659902, 0.244279;TRUE;;;;;;;;;;;;;;
MAGNAC SUR TOUVRE;Rue J. Jaurès;Rue J. Jaurès;;05/06/2022 20:32;FALSE;Franck;;45.658279, 0.234692;TRUE;;;;;;;;;;;;;;
MAGNAC SUR TOUVRE;Rue P. Cézanne;Rue P. Cézanne;;05/06/2022 20:26;FALSE;Franck;;45.644991, 0.247302;TRUE;;;;;;;;;;;;;;
MORNAC;Rue des écoles;Rue des écoles;;05/06/2022 22:40;FALSE;Franck;;45.679527, 0.273052;TRUE;;;;;;;;;;;;;;
MORNAC;Le Quéroy - Route de Mirambeau;Le Quéroy - Route de Mirambeau;1;31/05/2022 11:36;FALSE;Franck;1;45.665041, 0.305755;TRUE;;;;;;;;;;;;;;
MORNAC;Résidence Chabasse;Résidence Chabasse;1;05/06/2022 22:44;FALSE;Franck;1;45.683471, 0.284934;TRUE;;;;;;;;;;;;;;
MORNAC;"""Puy de Nanteuil"" - Route des grands champs";"""Puy de Nanteuil"" - Route des grands champs";;31/05/2022 12:14;FALSE;Franck;;45.700205, 0.270279;TRUE;;;;;;;;;;;;;;
RUELLE;école Doisneau;école Doisneau;1;05/06/2022 17:31;FALSE;Officiel RUELLE;1;45.679380, 0.229815;TRUE;;;;;;;;;;;;;;
RUELLE;Place du Champ de Mars;Place du Champ de Mars;;05/06/2022 17:27;TRUE;Officiel RUELLE;;45.678745003855084, 0.22824992948057954;TRUE;;;;;;;;;;;;;;
RUELLE;Ecole des Riffauds;Ecole des Riffauds;1;05/06/2022 17:36;FALSE;Officiel RUELLE;1;45.688926, 0.257358;TRUE;;;;;;;;;;;;;;
RUELLE;les seguins;les seguins;1;31/05/2022 09:19;FALSE;Officiel RUELLE;1;45.679468, 0.212644;TRUE;;;;;;;;;;;;;;
RUELLE;Ecole de Villement;Ecole de Villement;1;05/06/2022 18:03;FALSE;Officiel RUELLE;1;45.678332, 0.196263;TRUE;;;;;;;;;;;;;;
RUELLE;La Combe aux Loups;La Combe aux Loups;;05/06/2022 17:55;FALSE;Officiel RUELLE;;45.687737, 0.221676;TRUE;;;;;;;;;;;;;;
RUELLE;HLM Puyguillen;HLM Puyguillen;1;05/06/2022 17:48;FALSE;Officiel RUELLE;1;45.677288, 0.239821;TRUE;;;;;;;;;;;;;;
RUELLE;Dépôt services communaux;;1;05/06/2022 17:31;FALSE;Officiel RUELLE;1;45.681614, 0.233736;TRUE;;;;;;;;;;;;;;
Angoulême;Espace Franquin;Espace Franquin;;30/05/2022 21:42;FALSE;Officiel Angoulême;;45.64939700471602, 0.1598302353428778;TRUE;;;;;;;;;;;;;;
Angoulême;LEP de Sillac;LEP de Sillac;;05/06/2022 18:44;FALSE;Officiel Angoulême;;45.64644381812403, 0.14002635264936159;TRUE;;;;;;;;;;;;;;
Angoulême;Place de la Marne;Place de la Marne;;05/06/2022 19:30;FALSE;Officiel Angoulême;;45.643903, 0.128860;TRUE;;;;;;;;;;;;;;
Angoulême;Hôtel de ville;Hôtel de ville;;30/05/2022 06:21;FALSE;Officiel Angoulême;;45.648715, 0.156168;TRUE;;;;;;;;;;;;;;
Angoulême;École Comtesse de Ségur/Collège Jules Verne;3 place Henri Dunant;;30/05/2022 21:47;FALSE;Officiel Angoulême;;45.648560, 0.153648;TRUE;;;;;;;;;;;;;;
Angoulême;Maison de quartier Saint-Martin/Saint-Ausone;square R. Guichard;;02/06/2022 00:45;FALSE;Officiel Angoulême;;45.648983, 0.144806;TRUE;;;;;;;;;;;;;;
Angoulême;École primaire A. Fournie;École primaire A. Fournie;;05/06/2022 18:59;FALSE;Officiel Angoulême;;45.652150, 0.127007;TRUE;;;;;;;;;;;;;;
Angoulême;École Uderzo, rue Antoine de Conflans;École Uderzo, rue Antoine de Conflans;;05/06/2022 19:18;FALSE;Officiel Angoulême;;45.6495630132644, 0.11614458785887308;TRUE;;;;;;;;;;;;;;
Angoulême;Salle conviviale Grande Garenne, rue Pierre Aumaître;Salle conviviale Grande Garenne, rue Pierre Aumaître;;05/06/2022 19:11;FALSE;Officiel Angoulême;;45.648230661866236, 0.12760699708792045;TRUE;;;;;;;;;;;;;;
Angoulême;École Victor Hugo, rue F. Laporte;École Victor Hugo, rue F. Laporte;;30/05/2022 21:28;FALSE;Officiel Angoulême;;45.648526, 0.175059;TRUE;;;;;;;;;;;;;;
Angoulême;Bâtiment Prévert, grillage de clôture de la rue Théodore Botrel à l’entrée principale;Bâtiment Prévert, grillage de clôture de la rue Théodore Botrel à l’entrée principale;;31/05/2022 23:35;FALSE;Officiel Angoulême;;45.653753, 0.169482;TRUE;;;;;;;;;;;;;;
Angoulême;Carrefour de la Madeleine;Carrefour de la Madeleine;;05/06/2022 18:14;FALSE;Officiel Angoulême;;45.65843089240663, 0.1730521672355194;TRUE;;;;;;;;;;;;;;
Angoulême;École maternelle A. Daudet;École maternelle A. Daudet;;05/06/2022 19:37;FALSE;Officiel Angoulême;;45.6555026411427, 0.16026983280545987;TRUE;;;;;;;;;;;;;;
Angoulême;École Victor Duruy;École Victor Duruy;;05/06/2022 18:33;FALSE;Officiel Angoulême;;45.65730339764431, 0.14698582319602277;TRUE;;;;;;;;;;;;;;
Angoulême;archives départementales;archives départementales;;31/05/2022 23:35;TRUE;Officiel Angoulême;;45.65208588136844, 0.1633060144200151;TRUE;;;;;;;;;;;;;;
Angoulême;383 rue de Périgueux;383 rue de Périgueux;;30/05/2022 21:23;FALSE;Officiel Angoulême;;45.64493587413583, 0.17962620758933365;TRUE;;;;;;;;;;;;;;
Angoulême;Rue de Bordeaux, entrée du Nil;Rue de Bordeaux, entrée du Nil;;05/06/2022 18:38;FALSE;Officiel Angoulême;;45.65350715086419, 0.1483270120409856;TRUE;;;;;;;;;;;;;;
Angoulême;42 boulevard de Bretagne;42 boulevard de Bretagne;;05/06/2022 18:28;FALSE;Officiel Angoulême;;45.661680520129536, 0.14479680641398876;TRUE;;;;;;;;;;;;;;
Angoulême;Collège Marguerite de Valois, en face du 7 rue Marguerite d’Angoulême;7 rue Marguerite d’Angoulême;;30/05/2022 23:13;FALSE;Officiel Angoulême;;45.653660, 0.176478;TRUE;;;;;;;;;;;;;;
Angoulême;École Ferdinand Buisson, 114 rue de Périgueux;École Ferdinand Buisson, 114 rue de Périgueux;;30/05/2022 21:36;FALSE;Officiel Angoulême;;45.64787486199999, 0.16762273470819916;TRUE;;;;;;;;;;;;;;
Angoulême;École maternelle Jean de La Fontaine;École maternelle Jean de La Fontaine;;30/05/2022 21:33;FALSE;Officiel Angoulême;;45.648945, 0.167455;TRUE;;;;;;;;;;;;;;
Angoulême;Ma Campagne, allée de la Pléiade;Ma Campagne, allée de la Pléiade;;30/05/2022 22:05;FALSE;Officiel Angoulême;;45.630646, 0.154917;TRUE;;;;;;;;;;;;;;
Angoulême;place de l’Arche;place de l’Arche;;30/05/2022 22:18;FALSE;Officiel Angoulême;;45.63203961603045, 0.14081251813629167;TRUE;;;;;;;;;;;;;;
Angoulême;Rue R. Poincaré, face à la poste centrale du Champ de Mars;Rue R. Poincaré, face à la poste centrale du Champ de Mars;;30/05/2022 08:48;FALSE;Officiel Angoulême;;45.649881776558914, 0.16275260596603794;TRUE;;;;;;;;;;;;;;
Angoulême;école maternelle Condorcet;école maternelle Condorcet;;30/05/2022 08:55;FALSE;Officiel Angoulême;;45.647766, 0.161840;TRUE;;;;;;;;;;;;;;
Angoulême;Place Vittoria;Place Vittoria;;30/05/2022 22:13;FALSE;Officiel Angoulême;;45.63008075713309, 0.1491737116367106;TRUE;;;;;;;;;;;;;;
Angoulême;Rue de la Belle Allée du Petit Fresque;Rue de la Belle Allée du Petit Fresque;1;30/05/2022 21:57;FALSE;Officiel Angoulême;1;45.638105, 0.171827;TRUE;;;;;;;;;;;;;;
Angoulême;Ma Campagne, parking d’Intermarché de Ma Campagne;Ma Campagne, parking d’Intermarché de Ma Campagne;;30/05/2022 22:09;FALSE;Officiel Angoulême;;45.63280830333968, 0.15215447913309238;TRUE;;;;;;;;;;;;;;
Angoulême;Collège Jules Michelet, parking rue des Frères Lumière;Collège Jules Michelet, parking rue des Frères Lumière;;23/04/2022 16:19;TRUE;Officiel Angoulême;;45.648741, 0.165676;TRUE;;;;;;;;;;;;;;
Ruelle;A;DCNS;1;05/06/2022 17:27;FALSE;Officiel ruelle;1;45.678749, 0.225340;TRUE;;;;;;;;;;;;;;
L'isle D'espagnac;Ici;Isle d'Espagnac;1;18/04/2022 18:17;TRUE;Officiel L'isle D'espagnac;1;45.658861, 0.190995;FALSE;;;;;;;;;;;;;;
BALZAC;Place Jean-Louis Guez de Balzac;;;30/05/2022 12:43;FALSE;Officiel BALZAC;;45.71123505126908, 0.1376286992288311;TRUE;;;;;;;;;;;;;;
BALZAC;Place de la Liberté;;;30/05/2022 12:43;FALSE;Officiel BALZAC;;45.711869924694284, 0.14580236342161954;TRUE;;;;;;;;;;;;;;
BOUEX;place de la Mairie;;;01/06/2022 23:12;FALSE;Officiel Bouex;;45.616045, 0.317553;TRUE;;;;;;;;;;;;;;
CHAMPNIERS;Rue des Autours (Le Bourg);;;31/05/2022 08:03;FALSE;Officiel Champniers;;45.714855, 0.203589;TRUE;;;;;;;;;;;;;;
CHAMPNIERS;Rue des Colverts (Le Bourg);;;31/05/2022 08:03;FALSE;Officiel Champniers;;45.717174, 0.204578;TRUE;;;;;;;;;;;;;;
CHAMPNIERS;Rue de la Sauge;;;31/05/2022 08:03;FALSE;Officiel Champniers;;45.700778, 0.237697;TRUE;;;;;;;;;;;;;;
CHAMPNIERS;Rue de l’Aneth;;;31/05/2022 08:03;FALSE;Officiel Champniers;;45.704536, 0.235022;TRUE;;;;;;;;;;;;;;
CHAMPNIERS;Rue Jean-Baptiste de la Péruse;;;31/05/2022 08:03;FALSE;Officiel Champniers;;45.747338, 0.191804;TRUE;;;;;;;;;;;;;;
CHAMPNIERS;Rue des Plantier;;;31/05/2022 08:02;FALSE;Officiel Champniers;;45.69236821940109, 0.17772596448972328;TRUE;;;;;;;;;;;;;;
CHAMPNIERS;Rue des Platanes;;;31/05/2022 08:02;FALSE;Officiel Champniers;;45.703257, 0.182068;TRUE;;;;;;;;;;;;;;
CHAMPNIERS;Rue des Porches;;;31/05/2022 08:02;FALSE;Officiel Champniers;;45.691738, 0.210664;TRUE;;;;;;;;;;;;;;
CHAMPNIERS;Rue des Capucines Les Guérins;;;31/05/2022 08:02;FALSE;Officiel Champniers;;45.703341, 0.169547;TRUE;;;;;;;;;;;;;;
CHAMPNIERS;Rue des Vielles Pierres (Chez Nauve);;;31/05/2022 08:02;FALSE;Officiel Champniers;;45.701228, 0.208994;TRUE;;;;;;;;;;;;;;
CHAMPNIERS;Chemin de l’Œil de Bœuf (La Vallade);;;31/05/2022 08:56;FALSE;Officiel Champniers;;45.678479, 0.184331;TRUE;;;;;;;;;;;;;;
CHAMPNIERS;Rue Lucien Deschamps/rue Marguerite de Valois (Les Limbaudières);;;31/05/2022 08:03;FALSE;Officiel Champniers;;45.736109, 0.209972;TRUE;;;;;;;;;;;;;;
CHAMPNIERS;Chemin des Plaqueminiers (Les Rossignols);;;31/05/2022 08:02;FALSE;Officiel Champniers;;45.703899, 0.194366;TRUE;;;;;;;;;;;;;;
Dirac;mairie;;;05/06/2022 22:40;FALSE;Franck;;45.605417, 0.248379;TRUE;;;;;;;;;;;;;;
Fléac;École;;;30/05/2022 12:44;FALSE;Officiel Fléac;;45.66774337862188, 0.09682043962804135;TRUE;;;;;;;;;;;;;;
Fléac;Thouérat (Placette);;;30/05/2022 12:44;FALSE;Officiel Fléac;;45.66904199261491, 0.11283684922356385;TRUE;;;;;;;;;;;;;;
Fléac;Rue de La Lurate;;;30/05/2022 12:44;FALSE;Officiel Fléac;;45.68069265194252, 0.09800828035165411;TRUE;;;;;;;;;;;;;;
Fléac;Place Bioujou (La Vallade);;;30/05/2022 12:44;FALSE;Officiel Fléac;;45.677572858413875, 0.08730044194502833;TRUE;;;;;;;;;;;;;;
Fléac;Place de Brénat;;;30/05/2022 12:44;FALSE;Officiel Fléac;;45.68653648475113, 0.07452382324279412;TRUE;;;;;;;;;;;;;;
Fléac;Rue de Badoris;;;30/05/2022 12:43;FALSE;Officiel Fléac;;45.653018744541946, 0.09517136398849983;TRUE;;;;;;;;;;;;;;
Fléac;Avenue des Sports;;;30/05/2022 12:44;FALSE;Officiel Fléac;;45.66197330713641, 0.0897632971530561;TRUE;;;;;;;;;;;;;;
Fléac;Place Markbreit (centre commercial;;;30/05/2022 12:44;FALSE;Officiel Fléac;;45.66460508180832, 0.0928749539422883;TRUE;;;;;;;;;;;;;;
GARAT;Rue du Stade, clôture du Stade Jean Niollet;;;05/06/2022 21:12;FALSE;Franck;;45.621714, 0.262950;TRUE;;;;;;;;;;;;;;
GOND-PONTOUVRE;Route de Vars (mur du cimetière);;;31/05/2022 22:22;FALSE;Officiel GOND-PONTOUVRE;;45.663938, 0.162226;TRUE;;;;;;;;;;;;;;
GOND-PONTOUVRE;Route de Vars (face au Crédit Agricole);;;31/05/2022 22:22;FALSE;Officiel GOND-PONTOUVRE;;45.669112, 0.160852;TRUE;;;;;;;;;;;;;;
GOND-PONTOUVRE;Chalonne;;;30/05/2022 12:43;FALSE;Officiel GOND-PONTOUVRE;;45.689478, 0.155924;TRUE;;;;;;;;;;;;;;
GOND-PONTOUVRE;Rue Pasteur;;;31/05/2022 22:22;FALSE;Officiel GOND-PONTOUVRE;;45.676565, 0.175162;TRUE;;;;;;;;;;;;;;
GOND-PONTOUVRE;Rue du Général Leclerc (coté voie de chemin de fer);;;31/05/2022 22:22;FALSE;Officiel GOND-PONTOUVRE;;45.661135, 0.171567;TRUE;;;;;;;;;;;;;;
GOND-PONTOUVRE;Route de Paris (Pont de Pisany);;;31/05/2022 22:22;FALSE;Officiel GOND-PONTOUVRE;;45.666153, 0.171555;TRUE;;;;;;;;;;;;;;
GOND-PONTOUVRE;Route de Paris (Pont de la Touvre);;;31/05/2022 22:22;FALSE;Officiel GOND-PONTOUVRE;;45.67611299938535, 0.1751153225237239;TRUE;;;;;;;;;;;;;;
GOND-PONTOUVRE;Rue de l'Égalité (ancienne mairie);;;31/05/2022 22:22;FALSE;Officiel GOND-PONTOUVRE;;45.667181, 0.165811;TRUE;;;;;;;;;;;;;;
GOND-PONTOUVRE;École du Pontouvre;;;31/05/2022 22:22;FALSE;Officiel GOND-PONTOUVRE;;45.671688, 0.173511;TRUE;;;;;;;;;;;;;;
GOND-PONTOUVRE;École de Roffit;;;31/05/2022 19:08;FALSE;Officiel GOND-PONTOUVRE;;45.675873, 0.158100;TRUE;;;;;;;;;;;;;;
GOND-PONTOUVRE;Rue du Treuil (grille du CES);;;31/05/2022 19:09;FALSE;Officiel GOND-PONTOUVRE;;45.680128, 0.163816;TRUE;;;;;;;;;;;;;;
La Couronne;Place de la Mairie;;;30/05/2022 08:07;FALSE;Officiel La Couronne;;45.608613, 0.101834;TRUE;;;;;;;;;;;;;;
La Couronne;Place du 14 Juillet;;;30/05/2022 07:52;FALSE;Officiel La Couronne;;45.609526, 0.097303;TRUE;;;;;;;;;;;;;;
La Couronne;La Montée, avenue de la Gare (giratoire Super U);;;30/05/2022 07:46;FALSE;Officiel La Couronne;;45.607005, 0.088215;TRUE;;;;;;;;;;;;;;
La Couronne;Lafont, route du Moulin de Colas;;;30/05/2022 07:34;FALSE;Officiel La Couronne;;45.613188, 0.070357;TRUE;;;;;;;;;;;;;;
La Couronne;Le Mas, route de Saint-Michel;;;30/05/2022 07:10;FALSE;Officiel La Couronne;;45.625434, 0.096216;TRUE;;;;;;;;;;;;;;
La Couronne;Le Grand Maine, route du Grand Maine;;;30/05/2022 07:17;FALSE;Officiel La Couronne;;45.623183, 0.077189;TRUE;;;;;;;;;;;;;;
La Couronne;Breuty, place de Breuty;;;30/05/2022 08:26;FALSE;Officiel La Couronne;;45.618968, 0.116725;TRUE;;;;;;;;;;;;;;
La Couronne;Le Pont des Gallands, giratoire de la route de Mouthiers;;;30/05/2022 08:07;FALSE;Officiel La Couronne;;45.599838, 0.098255;TRUE;;;;;;;;;;;;;;
La Couronne;Les Barrets, place de la route de la Charbonnière;;;30/05/2022 07:41;FALSE;Officiel La Couronne;;45.612049, 0.086195;TRUE;;;;;;;;;;;;;;
La Couronne;Le Pont Neuf, entrée du lot de la route de Vœuil;;;30/05/2022 08:16;FALSE;Officiel La Couronne;;45.60201908577267, 0.13897836111157483;TRUE;;;;;;;;;;;;;;
La Couronne;Les Séverins, route de Vœuil aux Séverins;;;30/05/2022 08:11;FALSE;Officiel La Couronne;;45.605272, 0.119459;TRUE;;;;;;;;;;;;;;
NERSAC;Salle communale;;;30/05/2022 23:24;FALSE;Officiel Nersac;;45.623645, 0.050572;TRUE;;;;;;;;;;;;;;
NERSAC;Place de l’Union;;;30/05/2022 23:24;FALSE;Officiel Nersac;;45.625847, 0.050950;TRUE;;;;;;;;;;;;;;
NERSAC;HLM;;;30/05/2022 23:24;FALSE;Officiel Nersac;;45.626009, 0.049680;TRUE;;;;;;;;;;;;;;
NERSAC;École Alfred de Vigny groupe B;;;30/05/2022 23:31;FALSE;Officiel Nersac;;45.627446, 0.050924;TRUE;;;;;;;;;;;;;;
NERSAC;Les Fleuranceaux;;;30/05/2022 23:33;FALSE;Officiel Nersac;;45.630206, 0.052676;TRUE;;;;;;;;;;;;;;
NERSAC;La Meure;;;30/05/2022 23:31;FALSE;Officiel Nersac;;45.633174, 0.047320;TRUE;;;;;;;;;;;;;;
NERSAC;Place du Peu;;;30/05/2022 23:07;FALSE;Officiel Nersac;;45.625586, 0.059406;TRUE;;;;;;;;;;;;;;
NERSAC;Le Vieux Peu;;;30/05/2022 23:07;FALSE;Officiel Nersac;;45.624915, 0.058345;TRUE;;;;;;;;;;;;;;
NERSAC;Le Pont Thuillier;;;30/05/2022 23:38;FALSE;Officiel Nersac;;45.622077, 0.052672;TRUE;;;;;;;;;;;;;;
NERSAC;Place de Pombreton;;;31/05/2022 00:02;FALSE;Officiel Nersac;;45.617804, 0.061088;TRUE;;;;;;;;;;;;;;
PUYMOYEN;Impasse de l’Ouche du Roy;;;30/05/2022 16:25;FALSE;Officiel PUYMOYEN;;45.611277, 0.187396;TRUE;;;;;;;;;;;;;;
PUYMOYEN;Impasse de l’Ouche du Roy;;;30/05/2022 16:25;FALSE;Officiel PUYMOYEN;;45.611330, 0.187573;TRUE;;;;;;;;;;;;;;
PUYMOYEN;Route de la Vallée des Eaux Claires;;;30/05/2022 16:36;FALSE;Officiel PUYMOYEN;;45.616422, 0.154760;TRUE;;;;;;;;;;;;;;
PUYMOYEN;Rue du Cormier;;;30/05/2022 15:59;FALSE;Officiel PUYMOYEN;;45.616307, 0.173847;TRUE;;;;;;;;;;;;;;
PUYMOYEN;Rue des Bois de Rochefort;;;30/05/2022 15:52;FALSE;Officiel PUYMOYEN;;45.618386, 0.166834;TRUE;;;;;;;;;;;;;;
PUYMOYEN;Rue de Vouillac;;;30/05/2022 15:44;FALSE;Officiel PUYMOYEN;;45.620842, 0.162050;TRUE;;;;;;;;;;;;;;
PUYMOYEN;Rue de Peusec (devant la salle des fêtes);;;30/05/2022 16:17;FALSE;Officiel PUYMOYEN;;45.618136, 0.181021;TRUE;;;;;;;;;;;;;;
PUYMOYEN;Rue de la Prairie;;;30/05/2022 15:37;FALSE;Officiel PUYMOYEN;;45.627571, 0.158058;TRUE;;;;;;;;;;;;;;
PUYMOYEN;Rue des Reclos (devant le parking);;;30/05/2022 16:02;FALSE;Officiel PUYMOYEN;;45.621000, 0.179966;TRUE;;;;;;;;;;;;;;
PUYMOYEN;Le Champ de la Croix;;;30/05/2022 16:11;FALSE;Officiel PUYMOYEN;;45.614875, 0.185640;TRUE;;;;;;;;;;;;;;
Roullet-Saint-Estèphe;Parking de la Maison pour tous, rue Froide (Roullet bourg);;;31/05/2022 00:02;FALSE;Officiel Roullet-Saint-Estèphe;;45.583875430994645, 0.04752872324913014;TRUE;;;;;;;;;;;;;;
Roullet-Saint-Estèphe;Salle des fêtes, place du Champ-de-Foire (Roullet);;;31/05/2022 00:02;FALSE;Officiel Roullet-Saint-Estèphe;;45.581083926367576, 0.047861228449164524;TRUE;;;;;;;;;;;;;;
Roullet-Saint-Estèphe;Le bourg, Cantine, (Saint-Estèphe;;;31/05/2022 00:02;FALSE;Officiel Roullet-Saint-Estèphe;;45.579677, 0.013132;TRUE;;;;;;;;;;;;;;
SAINT-MICHEL;Centre commercial : Avenue de la République;;;30/05/2022 06:38;FALSE;Officiel SAINT-MICHEL;;45.637096, 0.112146;TRUE;;;;;;;;;;;;;;
SAINT-MICHEL;Stade : Boulevard de Bretagne;;;30/05/2022 06:35;FALSE;Officiel SAINT-MICHEL;;45.635077, 0.114333;TRUE;;;;;;;;;;;;;;
SAINT-MICHEL;Logis de Chantoiseau : Place du 19 mars 1962 (Impasse Chantoiseau);;;30/05/2022 06:57;FALSE;Officiel SAINT-MICHEL;;45.644778, 0.103201;TRUE;;;;;;;;;;;;;;
SAINT-MICHEL;Salle Polyvalente : Rue des Douhauds;;;30/05/2022 06:41;FALSE;Officiel SAINT-MICHEL;;45.640461, 0.109513;TRUE;;;;;;;;;;;;;;
SAINT-MICHEL;Mairie : Rue Joseph Chaumette;;;30/05/2022 06:44;FALSE;Officiel SAINT-MICHEL;;45.641356, 0.106724;TRUE;;;;;;;;;;;;;;
SAINT-MICHEL;HLM : Rue des Poètes;;;30/05/2022 06:51;FALSE;Officiel SAINT-MICHEL;;45.647963, 0.108517;TRUE;;;;;;;;;;;;;;
SAINT-MICHEL;Les Hauts de Chantoiseau;;;30/05/2022 07:03;FALSE;Officiel SAINT-MICHEL;;45.643507, 0.097782;TRUE;;;;;;;;;;;;;;
SAINT-MICHEL;Place des Sicauds;;;30/05/2022 06:57;FALSE;Officiel SAINT-MICHEL;;45.640950, 0.101171;TRUE;;;;;;;;;;;;;;
Saint-Yrieix-sur-Charente;6 avenue de l’Union (sur le côté de la Mairie);;;30/05/2022 12:44;FALSE;Officiel Saint-Yrieix-sur-Charente;;45.675037288837615, 0.1275016632993788;TRUE;;;;;;;;;;;;;;
Saint-Yrieix-sur-Charente;6 rue de l’Ancienne Mairie (Ecole Nicolas Vanier);;;30/05/2022 12:43;FALSE;Officiel Saint-Yrieix-sur-Charente;;45.692164353962596, 0.11505262046742253;TRUE;;;;;;;;;;;;;;
Saint-Yrieix-sur-Charente;Carrefour de la rue des Augerauds et des Mesniers;;;30/05/2022 12:43;FALSE;Officiel Saint-Yrieix-sur-Charente;;45.692304177987026, 0.13297221952861205;TRUE;;;;;;;;;;;;;;
Saint-Yrieix-sur-Charente;Rue Jacques Chardonne (à côté du transformateur);;;30/05/2022 12:44;FALSE;Officiel Saint-Yrieix-sur-Charente;;45.66722088625535, 0.14396573737557045;TRUE;;;;;;;;;;;;;;
Saint-Yrieix-sur-Charente;22 rue des Ecoles (Préau de l’école C Roy B);;;30/05/2022 12:44;FALSE;Officiel Saint-Yrieix-sur-Charente;;45.66739889948253, 0.12764659337702816;TRUE;;;;;;;;;;;;;;
Saint-Yrieix-sur-Charente;152 rue J et C Priolaud (en face de l’entrée de la salle des fêtes);;;30/05/2022 12:43;FALSE;Officiel Saint-Yrieix-sur-Charente;;45.67827947627939, 0.14263736359565826;TRUE;;;;;;;;;;;;;;
Saint-Yrieix-sur-Charente;Angle de l’avenue de l’Union et de l’allée Léo Lagrange (Gymnase des Berneries);;;30/05/2022 12:44;FALSE;Officiel Saint-Yrieix-sur-Charente;;45.6761110486578, 0.1290371247221045;TRUE;;;;;;;;;;;;;;
Saint-Yrieix-sur-Charente;Rue des Mesniers (Arrêt de bus « Nautilis »);;;30/05/2022 12:43;FALSE;Officiel Saint-Yrieix-sur-Charente;;45.685032784895476, 0.1429131134372039;TRUE;;;;;;;;;;;;;;
Soyaux;Espace Henri Matisse (côté droit de l’allée d’accès);;;01/06/2022 21:48;FALSE;Officiel Soyaux;;45.64226837913719, 0.196667977231184;TRUE;;;;;;;;;;;;;;
Soyaux;Rue De la cigogne;;;30/05/2022 17:44;FALSE;Officiel Soyaux;;45.638150995301714, 0.18557363337548688;TRUE;;;;;;;;;;;;;;
Soyaux;Place Lucien Petit, du côté de la rue des Lilas;;;01/06/2022 21:52;FALSE;Officiel Soyaux;;45.64223778606942, 0.19011957928317885;TRUE;;;;;;;;;;;;;;
Soyaux;Le Pétureau, place Charlemagne;;;30/05/2022 17:39;FALSE;Officiel Soyaux;;45.63734400363526, 0.1969955500950365;TRUE;;;;;;;;;;;;;;
Soyaux;Avenue Christophe Colomb, le long du parking du square du 8 mai 1945;;;01/06/2022 21:52;FALSE;Officiel Soyaux;;45.64053398405123, 0.18619300611607814;TRUE;;;;;;;;;;;;;;
Soyaux;Antornac, à l’entrée du bourg;;;01/06/2022 21:43;FALSE;Officiel Soyaux;;45.644156455125675, 0.20535157641880353;TRUE;;;;;;;;;;;;;;
Soyaux;Chemin d’Entreroches, entre la rue de la Combe et l’impasse des Glycines;;;01/06/2022 22:10;FALSE;Officiel Soyaux;;45.65045795975826, 0.1942134853219135;TRUE;;;;;;;;;;;;;;
Soyaux;Boulevard Léon Blum, entre Gulliver et Mille et une facettes;;;01/06/2022 22:06;FALSE;Officiel Soyaux;;45.64832988156387, 0.18422635524418574;TRUE;;;;;;;;;;;;;;
Soyaux;Rue Maurice Ravel, à l’angle de la rue Maurice Ravel et rue Maréchal Fayolle;;;30/05/2022 21:20;FALSE;Officiel Soyaux;;45.645254, 0.181197;TRUE;;;;;;;;;;;;;;
Soyaux;Square des Marronniers, au croisement de l’allée des Marronniers et de la rue du Bourg;;;01/06/2022 21:47;FALSE;Officiel Soyaux;;45.641920254707614, 0.20063034370347688;TRUE;;;;;;;;;;;;;;
Soyaux;La croix blanche, carrefour route du Peux et chemin de Bressour;;;01/06/2022 21:33;FALSE;Officiel Soyaux;;45.636406988192995, 0.20621164934244118;TRUE;;;;;;;;;;;;;;
Voeuil-Et-Giget;Bourg de Vœuil;;;30/05/2022 16:54;FALSE;Officiel Voeuil-Et-Giget;;45.585438, 0.154409;TRUE;;;;;;;;;;;;;;
Voeuil-Et-Giget;Bourg de Giget;;;30/05/2022 16:40;FALSE;Officiel Voeuil-Et-Giget;;45.604176, 0.153361;TRUE;;;;;;;;;;;;;;
Voeuil-Et-Giget;Allée des Sports;;;30/05/2022 16:49;FALSE;Officiel Voeuil-Et-Giget;;45.592520, 0.149328;TRUE;;;;;;;;;;;;;;
Vouzan;Salles des fêtes;;;01/06/2022 22:31;FALSE;Officiel Vouzan;;45.602521, 0.356358;TRUE;;;;;;;;;;;;;;
Sers;;Sers;1;30/05/2022 20:19;TRUE;;;45.598656, 0.322019;TRUE;;;;;;;;;;;;;;
Dignac;;Dignac;1;30/05/2022 20:19;TRUE;;;45.557450, 0.281469;TRUE;;;;;;;;;;;;;;
Cloulas;;Cloulas;;30/05/2022 20:19;TRUE;;;45.549447, 0.312325;TRUE;;;;;;;;;;;;;;
Mairie isle d'Espagnac;;;1;01/06/2022 23:12;FALSE;;;45.663575, 0.197613;TRUE;;;;;;;;;;;;;;
La Couronne;;Champ de Foire / Av Libération;;30/05/2022 08:07;FALSE;;;45.606464, 0.100333;TRUE;;;;;;;;;;;;;;
Angoulême;Bd Chanzy, 16006 Angoulême;Chanzy;;26/05/2022 20:45;FALSE;C;3;45.6446686,0.1776752;FALSE;;;;;;;;;;;;;;
Angoulême;31 Bd Besson Bey, 16000 Angoulême;Bd Besson Bey;4;05/06/2022 19:42;FALSE;D;3;45.6579215,0.1607381;FALSE;;;;;;;;;;;;;;
Angoulême;20 Rue de Clerac À Sillac, 16000 Angoulême;Clerac à Sillac;1;22/04/2022 23:34;FALSE;C;7;45.640261, 0.156918;FALSE;;;;;;;;;;;;;;
Angoulême;10 Pl. Delivertoux, 16000 Angoulême;Delivertoux;4;29/05/2022 16:24;FALSE;B;9;45.648291, 0.175102;FALSE;;;;;;;;;;;;;;
Angoulême;1 Rue de la Tourgarnier, 16000 Angoulême;Colonne Bussate;8;29/05/2022 16:37;FALSE;B;8;45.647687, 0.166739;FALSE;;;;;;;;;;;;;;
Soyaux;597 Rue Georges Courteline, 16800 Soyaux;Courteline;3;26/05/2022 18:52;FALSE;B;10;45.650216, 0.184342;FALSE;;;;;;;;;;;;;;
Angoulême;15 Rpe d'Aguesseau, 16000 Angoulême;Espace Franquin;8;26/05/2022 21:05;FALSE;D;9;45.649534, 0.159657;FALSE;;;;;;;;;;;;;;
Angoulême;1 Rue Raymond Poincaré, 16000 Angoulême;Hôtel de Police;8;26/05/2022 20:52;FALSE;B;7;45.649761, 0.162807;FALSE;;;;;;;;;;;;;;
Angoulême;20 Pl. Mulac, 16000 Angoulême;Place Mulac;8;05/06/2022 18:33;FALSE;D;6;45.6573651,0.1487417;FALSE;;;;;;;;;;;;;;
Angoulême;43 Rue Jean Maintenon, 16000 Angoulême;Maintenon;8;05/06/2022 18:49;FALSE;D;7;45.651394, 0.138920;FALSE;;;;;;;;;;;;;;
Angoulême;3 Rue Saint-Vincent de Paul, 16000 Angoulême;St Vincent de Paul;8;05/06/2022 19:16;FALSE;E;3;45.6482841,0.1202347;FALSE;;;;;;;;;;;;;;
L'isle D'espagnac;32 Rue Denis Papin, 16340 L'Isle-d'Espagnac;Papin;2;02/06/2022 21:40;FALSE;B;2;45.658723, 0.190853;FALSE;;;;;;;;;;;;;;
Angoulême;159 Rue Jules Durandeau, 16000 Angoulême;Jules Durandeau;8;05/06/2022 18:22;FALSE;D;4;45.663715,0.151748;FALSE;;;;;;;;;;;;;;
Angoulême;72 Rue de Beaulieu, 16000 Angoulême;Beaulieu;4;26/05/2022 19:29;FALSE;D;8;45.650599, 0.148989;FALSE;;;;;;;;;;;;;;
Angoulême;17 Rue Gontran Labregere, 16000 Angoulême;Labregere;4;05/06/2022 18:28;FALSE;D;5;45.6618164,0.1449709;FALSE;;;;;;;;;;;;;;
Angoulême;2 Rue Pierre Brossolette, 16000 Angoulême;Rue de Limoges;6;05/06/2022 18:12;FALSE;B;3;45.659184, 0.175206;FALSE;;;;;;;;;;;;;;
RUELLE;22 Pl. du Champ de Mars, 16600 Ruelle-sur-Touvre;Pl. du Champ de Mars;8;05/06/2022 17:27;FALSE;B;1;45.6781634,0.2286951;FALSE;;;;;;;;;;;;;;
Angoulême;19 Rue de la Cigogne, 16000 Angoulême;La Cigogne;2;26/05/2022 20:33;FALSE;D;1;45.636789, 0.180832;FALSE;;;;;;;;;;;;;;
Angoulême;65 Rue de la Loire, 16000 Angoulême;Saint-Gelais;4;29/05/2022 16:47;FALSE;C;5;45.645174, 0.162315;FALSE;;;;;;;;;;;;;;
Angoulême;12 Rue de la Belle Allée du Petit Fresquet, 16000 Angoulême;Petit Fresquet;8;26/05/2022 20:32;FALSE;C;4;45.639137, 0.171845;FALSE;;;;;;;;;;;;;;
Soyaux;18B Rue du Dr Fernand Lamaze, 16800 Soyaux;Fernand Lamaze;3;26/05/2022 20:45;FALSE;C;2;45.642588, 0.182261;FALSE;;;;;;;;;;;;;;
Soyaux;12 Av. du Petureau, 16800 Soyaux;Av. du Petureau;6;26/05/2022 20:33;FALSE;C;1;45.638872,0.193528;FALSE;;;;;;;;;;;;;;
Angoulême;143 Rue de Montmoreau, 16000 Angoulême;Montmoreau;4;22/04/2022 23:33;FALSE;C;6;45.641484, 0.157106;FALSE;;;;;;;;;;;;;;
Angoulême;Rue Pierre Aumaitre, 16000 Angoulême;Pierre Aumaitre;1;05/06/2022 19:09;FALSE;E;1;45.649403, 0.129630;FALSE;;;;;;;;;;;;;;
Angoulême;Rue Emile Peyronnet, 16000 Angoulême;Emile Peyronnet;1;05/06/2022 19:29;TRUE;E;2;45.6493499,0.1133838;FALSE;;;;;;;;;;;;;;
Angoulême;Rue Théodore Botrel, 16006 Angoulême;Théodore Botrel;;31/05/2022 23:35;FALSE;B;6;45.653627, 0.168985;FALSE;;;;;;;;;;;;;;
Angoulême;Rue Paul Mairat, 16006 Angoulême;Paul Mairat;;12/04/2022 22:48;FALSE;B;4;45.656128, 0.173252;FALSE;;;;;;;;;;;;;;
Angoulême;Rue Marguerite d'Angoulême, 16006 Angoulême;Marguerite d'Angoulême;;29/05/2022 16:03;FALSE;B;5;45.654789, 0.175617;FALSE;;;;;;;;;;;;;;
Angoulême;Bd de la République, 16006 Angoulême;Boulevard de la République;1;18/02/2022;TRUE;D;2;45.6511717,0.1702666;FALSE;;;;;;;;;;;;;;
Angoulême;Rue Claude Bonnier, 16000 Angoulême;Claude Bonnier;;29/05/2022 17:17;FALSE;C;12;45.630673, 0.141080;FALSE;;;;;;;;;;;;;;
Angoulême;Rue du Canada, 16000 Angoulême;Canada;;22/04/2022 23:30;FALSE;C;8;45.639391,0.1532643;FALSE;;;;;;;;;;;;;;
Angoulême;Bd Jacques Monod, 16000 Angoulême;Boulevard Jacques Monod;;29/05/2022 17:10;FALSE;C;11;45.631771, 0.155872;FALSE;;;;;;;;;;;;;;
Angoulême;Av. de Navarre, Angoulême;Avenue de Navarre;;18/02/2022;TRUE;C;9;45.6279867,0.1535572;FALSE;;;;;;;;;;;;;;
Vindelle;Rue du Champ de Foire, 16430 Vindelle;Champ de Foire;6;18/02/2022;FALSE;Undefined;;45.7212551,0.1214022;FALSE;;;;;;;;;;;;;;
La Couronne;Rue du 19 Mars 1962, 16400 La Couronne;Rue du 19 mars 1962;1;28/05/2022 08:52;FALSE;A;3;45.610699, 0.099944;FALSE;;;;;;;;;;;;;;
La Couronne;Pl. du 14 Juillet, 16400 La Couronne;Place du 14 Juillet;1;28/05/2022 08:52;FALSE;A;4;45.609268, 0.097255;FALSE;;;;;;;;;;;;;;
La Couronne;16400 La Couronne, France;Chez Dion;1;26/04/2022 18:49;FALSE;A;9;45.613118, 0.071743;FALSE;;;;;;;;;;;;;;
La Couronne;16400 La Couronne, France;Les Barrets;1;03/05/2022 21:16;FALSE;A;10;45.611885, 0.086179;FALSE;;;;;;;;;;;;;;
La Couronne;Le Grand Maine, 16400 La Couronne;Le Grand Maine;1;11/03/2022 20:44;FALSE;E;7;45.623605, 0.076695;FALSE;;;;;;;;;;;;;;
La Couronne;Le Chalumeau, 16400 La Couronne;Le Chalumeau;1;18/02/2022;FALSE;E;6;45.63863,0.098044;FALSE;;;;;;;;;;;;;;
La Couronne;16400 La Couronne, France;Le Mas;;11/03/2022 20:49;FALSE;E;8;45.625329, 0.096012;FALSE;;;;;;;;;;;;;;
La Couronne;Breuty, 16400 La Couronne;Breuty;1;28/05/2022 09:38;FALSE;E;9;45.618849, 0.116854;FALSE;;;;;;;;;;;;;;
La Couronne;16400 La Couronne, France;Les Séverins;1;28/05/2022 09:18;FALSE;A;1;45.605532,0.119567;FALSE;;;;;;;;;;;;;;
La Couronne;La Contrie, 16400 La Couronne;La Contrie;1;28/05/2022 09:03;FALSE;A;6;45.601212, 0.102029;FALSE;;;;;;;;;;;;;;
La Couronne;16400 La Couronne, France;La Montée;1;11/03/2022 20:28;TRUE;A;8;45.605919,0.084159;FALSE;;;;;;;;;;;;;;
La Couronne;All. des Sports, 16400 La Couronne;Allée des Sports;1;28/05/2022 08:57;FALSE;A;7;45.601337, 0.095358;FALSE;;;;;;;;;;;;;;
La Couronne;Rte de Libourne, 16400 La Couronne;Route de Libourne;6;28/05/2022 09:25;FALSE;C;13;45.609314, 0.151313;FALSE;;;;;;;;;;;;;;
SAINT-MICHEL;Rue des Poètes, 16470 Saint-Michel;Rue des Poètes;4;22/04/2022 22:28;FALSE;E;4;45.649538, 0.108597;FALSE;;;;;;;;;;;;;;
SAINT-MICHEL;Rue des Peupliers, 16470 Saint-Michel;Rue des Peupliers;1;22/04/2022 22:15;FALSE;E;5;45.639829, 0.100839;FALSE;;;;;;;;;;;;;;
SAINT-MICHEL;11 Bd de Bretagne, 16470 Saint-Michel;Club Sportif Saint Michel;1;22/04/2022 22:04;FALSE;E;11;45.634911, 0.114101;FALSE;;;;;;;;;;;;;;
Angoulême;Rue Paul Mairat, 16006 Angoulême, France;Bus Mairat;2;29/05/2022 15:57;FALSE;;1;45.656045, 0.173206;FALSE;;;;;;;;;;;;;;
La Couronne;Place de la Mairie;;;28/05/2022 08:52;FALSE;Officiel La Couronne;;45.608763, 0.101210;FALSE;;;;;;;;;;;;;;
Cloulas;;Cloulas libre;3;21/04/2022 19:18;FALSE;;;45.549150, 0.312090;FALSE;;;;;;;;;;;;;;
Saint-Michel;;Les Sicauds;;;FALSE;;;45.640750, 0.101436;FALSE;;;;;;;;;;;;;;
Nersac;;La Meure;;26/04/2022 18:51;FALSE;;;45.633124, 0.047295;FALSE;;;;;;;;;;;;;;
La Couronne;;Pont Neuf;;28/05/2022 09:18;FALSE;;;45.600240, 0.139000;FALSE;;;;;;;;;;;;;;
Les Poètes 1;;;2;;FALSE;;;45.648026, 0.108503;FALSE;;;;;;;;;;;;;;
Nersac;;Rue Angoulême / Fontenelles;;26/04/2022 19:29;FALSE;;;45.625267, 0.058265;FALSE;;;;;;;;;;;;;;
La Couronne;;Hippodrome;4;28/05/2022 09:30;FALSE;;;45.617981, 0.137653;FALSE;;;;;;;;;;;;;;
Mlornac;;;1;02/06/2022 22:15;FALSE;;;45.699617, 0.270970;FALSE;;;;;;;;;;;;;;
Angoulême;;Rue de la Loire;4;29/05/2022 16:54;FALSE;;;45.641578, 0.157275;FALSE;;;;;;;;;;;;;;
;;;;;;;;;;;;;;;;;;;;;;;
;;;;;;;;;;;;;;;;;;;;;;;
;;;;;;;;;;;;;;;;;;;;;;;
;;;;;;;;;;;;;;;;;;;;;;;
;;;;;;;;;;;;;;;;;;;;;;;
;;;;;;;;;;;;;;;;;;;;;;;
;;;;;;;;;;;;;;;;;;;;;;;
;;;;;;;;;;;;;;;;;;;;;;;
;;;;;;;;;;;;;;;;;;;;;;;
;;;;;;;;;;;;;;;;;;;;;;;
;;;;;;;;;;;;;;;;;;;;;;;
;;;;;;;;;;;;;;;;;;;;;;;
;;;;;;;;;;;;;;;;;;;;;;;
;;;;;;;;;;;;;;;;;;;;;;;
;;;;;;;;;;;;;;;;;;;;;;;
;;;;;;;;;;;;;;;;;;;;;;;
;;;;;;;;;;;;;;;;;;;;;;;
;;;;;;;;;;;;;;;;;;;;;;;
;;;;;;;;;;;;;;;;;;;;;;;
;;;;;;;;;;;;;;;;;;;;;;;
;;;;;;;;;;;;;;;;;;;;;;;
;;;;;;;;;;;;;;;;;;;;;;;
;;;;;;;;;;;;;;;;;;;;;;;
;;;;;;;;;;;;;;;;;;;;;;;
;;;;;;;;;;;;;;;;;;;;;;;
;;;;;;;;;;;;;;;;;;;;;;;
;;;;;;;;;;;;;;;;;;;;;;;
;;;;;;;;;;;;;;;;;;;;;;;
;;;;;;;;;;;;;;;;;;;;;;;
;;;;;;;;;;;;;;;;;;;;;;;
;;;;;;;;;;;;;;;;;;;;;;;
;;;;;;;;;;;;;;;;;;;;;;;
;;;;;;;;;;;;;;;;;;;;;;;
;;;;;;;;;;;;;;;;;;;;;;;
;;;;;;;;;;;;;;;;;;;;;;;
;;;;;;;;;;;;;;;;;;;;;;;
;;;;;;;;;;;;;;;;;;;;;;;
;;;;;;;;;;;;;;;;;;;;;;;
;;;;;;;;;;;;;;;;;;;;;;;
;;;;;;;;;;;;;;;;;;;;;;;
;;;;;;;;;;;;;;;;;;;;;;;
;;;;;;;;;;;;;;;;;;;;;;;
;;;;;;;;;;;;;;;;;;;;;;;
;;;;;;;;;;;;;;;;;;;;;;;
;;;;;;;;;;;;;;;;;;;;;;;
;;;;;;;;;;;;;;;;;;;;;;;
;;;;;;;;;;;;;;;;;;;;;;;
;;;;;;;;;;;;;;;;;;;;;;;
;;;;;;;;;;;;;;;;;;;;;;;
;;;;;;;;;;;;;;;;;;;;;;;
;;;;;;;;;;;;;;;;;;;;;;;
;;;;;;;;;;;;;;;;;;;;;;;
;;;;;;;;;;;;;;;;;;;;;;;
;;;;;;;;;;;;;;;;;;;;;;;
;;;;;;;;;;;;;;;;;;;;;;;
;;;;;;;;;;;;;;;;;;;;;;;
;;;;;;;;;;;;;;;;;;;;;;;
;;;;;;;;;;;;;;;;;;;;;;;
;;;;;;;;;;;;;;;;;;;;;;;
;;;;;;;;;;;;;;;;;;;;;;;
;;;;;;;;;;;;;;;;;;;;;;;
;;;;;;;;;;;;;;;;;;;;;;;
;;;;;;;;;;;;;;;;;;;;;;;
;;;;;;;;;;;;;;;;;;;;;;;
;;;;;;;;;;;;;;;;;;;;;;;
;;;;;;;;;;;;;;;;;;;;;;;
;;;;;;;;;;;;;;;;;;;;;;;
;;;;;;;;;;;;;;;;;;;;;;;
;;;;;;;;;;;;;;;;;;;;;;;
;;;;;;;;;;;;;;;;;;;;;;;
;;;;;;;;;;;;;;;;;;;;;;;
;;;;;;;;;;;;;;;;;;;;;;;
;;;;;;;;;;;;;;;;;;;;;;;
;;;;;;;;;;;;;;;;;;;;;;;
;;;;;;;;;;;;;;;;;;;;;;;
;;;;;;;;;;;;;;;;;;;;;;;
;;;;;;;;;;;;;;;;;;;;;;;
;;;;;;;;;;;;;;;;;;;;;;;
;;;;;;;;;;;;;;;;;;;;;;;
;;;;;;;;;;;;;;;;;;;;;;;
;;;;;;;;;;;;;;;;;;;;;;;
;;;;;;;;;;;;;;;;;;;;;;;
;;;;;;;;;;;;;;;;;;;;;;;
;;;;;;;;;;;;;;;;;;;;;;;
;;;;;;;;;;;;;;;;;;;;;;;
;;;;;;;;;;;;;;;;;;;;;;;
;;;;;;;;;;;;;;;;;;;;;;;
;;;;;;;;;;;;;;;;;;;;;;;
;;;;;;;;;;;;;;;;;;;;;;;
;;;;;;;;;;;;;;;;;;;;;;;
;;;;;;;;;;;;;;;;;;;;;;;
;;;;;;;;;;;;;;;;;;;;;;;
;;;;;;;;;;;;;;;;;;;;;;;
;;;;;;;;;;;;;;;;;;;;;;;
;;;;;;;;;;;;;;;;;;;;;;;
;;;;;;;;;;;;;;;;;;;;;;;
;;;;;;;;;;;;;;;;;;;;;;;
;;;;;;;;;;;;;;;;;;;;;;;
;;;;;;;;;;;;;;;;;;;;;;;
;;;;;;;;;;;;;;;;;;;;;;;
;;;;;;;;;;;;;;;;;;;;;;;
;;;;;;;;;;;;;;;;;;;;;;;
;;;;;;;;;;;;;;;;;;;;;;;
;;;;;;;;;;;;;;;;;;;;;;;
;;;;;;;;;;;;;;;;;;;;;;;
;;;;;;;;;;;;;;;;;;;;;;;
;;;;;;;;;;;;;;;;;;;;;;;
;;;;;;;;;;;;;;;;;;;;;;;
;;;;;;;;;;;;;;;;;;;;;;;
;;;;;;;;;;;;;;;;;;;;;;;
;;;;;;;;;;;;;;;;;;;;;;;
;;;;;;;;;;;;;;;;;;;;;;;
;;;;;;;;;;;;;;;;;;;;;;;
;;;;;;;;;;;;;;;;;;;;;;;
;;;;;;;;;;;;;;;;;;;;;;;
;;;;;;;;;;;;;;;;;;;;;;;
;;;;;;;;;;;;;;;;;;;;;;;
;;;;;;;;;;;;;;;;;;;;;;;
;;;;;;;;;;;;;;;;;;;;;;;
;;;;;;;;;;;;;;;;;;;;;;;
;;;;;;;;;;;;;;;;;;;;;;;
;;;;;;;;;;;;;;;;;;;;;;;
;;;;;;;;;;;;;;;;;;;;;;;
;;;;;;;;;;;;;;;;;;;;;;;
;;;;;;;;;;;;;;;;;;;;;;;
;;;;;;;;;;;;;;;;;;;;;;;
;;;;;;;;;;;;;;;;;;;;;;;
;;;;;;;;;;;;;;;;;;;;;;;
;;;;;;;;;;;;;;;;;;;;;;;
;;;;;;;;;;;;;;;;;;;;;;;
;;;;;;;;;;;;;;;;;;;;;;;
;;;;;;;;;;;;;;;;;;;;;;;
;;;;;;;;;;;;;;;;;;;;;;;
;;;;;;;;;;;;;;;;;;;;;;;
;;;;;;;;;;;;;;;;;;;;;;;
;;;;;;;;;;;;;;;;;;;;;;;
;;;;;;;;;;;;;;;;;;;;;;;
;;;;;;;;;;;;;;;;;;;;;;;
;;;;;;;;;;;;;;;;;;;;;;;
;;;;;;;;;;;;;;;;;;;;;;;
;;;;;;;;;;;;;;;;;;;;;;;
;;;;;;;;;;;;;;;;;;;;;;;
;;;;;;;;;;;;;;;;;;;;;;;
;;;;;;;;;;;;;;;;;;;;;;;
;;;;;;;;;;;;;;;;;;;;;;;
;;;;;;;;;;;;;;;;;;;;;;;
;;;;;;;;;;;;;;;;;;;;;;;
;;;;;;;;;;;;;;;;;;;;;;;
;;;;;;;;;;;;;;;;;;;;;;;
;;;;;;;;;;;;;;;;;;;;;;;
;;;;;;;;;;;;;;;;;;;;;;;
;;;;;;;;;;;;;;;;;;;;;;;
;;;;;;;;;;;;;;;;;;;;;;;
;;;;;;;;;;;;;;;;;;;;;;;
;;;;;;;;;;;;;;;;;;;;;;;
;;;;;;;;;;;;;;;;;;;;;;;
;;;;;;;;;;;;;;;;;;;;;;;
;;;;;;;;;;;;;;;;;;;;;;;
;;;;;;;;;;;;;;;;;;;;;;;
;;;;;;;;;;;;;;;;;;;;;;;
;;;;;;;;;;;;;;;;;;;;;;;
;;;;;;;;;;;;;;;;;;;;;;;
;;;;;;;;;;;;;;;;;;;;;;;
;;;;;;;;;;;;;;;;;;;;;;;
;;;;;;;;;;;;;;;;;;;;;;;
;;;;;;;;;;;;;;;;;;;;;;;
;;;;;;;;;;;;;;;;;;;;;;;
;;;;;;;;;;;;;;;;;;;;;;;
;;;;;;;;;;;;;;;;;;;;;;;
;;;;;;;;;;;;;;;;;;;;;;;
;;;;;;;;;;;;;;;;;;;;;;;
;;;;;;;;;;;;;;;;;;;;;;;
;;;;;;;;;;;;;;;;;;;;;;;
;;;;;;;;;;;;;;;;;;;;;;;
;;;;;;;;;;;;;;;;;;;;;;;
;;;;;;;;;;;;;;;;;;;;;;;
;;;;;;;;;;;;;;;;;;;;;;;
;;;;;;;;;;;;;;;;;;;;;;;
;;;;;;;;;;;;;;;;;;;;;;;
;;;;;;;;;;;;;;;;;;;;;;;
;;;;;;;;;;;;;;;;;;;;;;;
;;;;;;;;;;;;;;;;;;;;;;;
;;;;;;;;;;;;;;;;;;;;;;;
;;;;;;;;;;;;;;;;;;;;;;;
;;;;;;;;;;;;;;;;;;;;;;;
;;;;;;;;;;;;;;;;;;;;;;;
;;;;;;;;;;;;;;;;;;;;;;;
;;;;;;;;;;;;;;;;;;;;;;;
;;;;;;;;;;;;;;;;;;;;;;;
;;;;;;;;;;;;;;;;;;;;;;;
;;;;;;;;;;;;;;;;;;;;;;;
;;;;;;;;;;;;;;;;;;;;;;;
;;;;;;;;;;;;;;;;;;;;;;;
;;;;;;;;;;;;;;;;;;;;;;;
;;;;;;;;;;;;;;;;;;;;;;;
;;;;;;;;;;;;;;;;;;;;;;;
;;;;;;;;;;;;;;;;;;;;;;;
;;;;;;;;;;;;;;;;;;;;;;;
;;;;;;;;;;;;;;;;;;;;;;;
;;;;;;;;;;;;;;;;;;;;;;;
;;;;;;;;;;;;;;;;;;;;;;;
;;;;;;;;;;;;;;;;;;;;;;;
;;;;;;;;;;;;;;;;;;;;;;;
;;;;;;;;;;;;;;;;;;;;;;;
;;;;;;;;;;;;;;;;;;;;;;;
;;;;;;;;;;;;;;;;;;;;;;;
;;;;;;;;;;;;;;;;;;;;;;;
;;;;;;;;;;;;;;;;;;;;;;;
;;;;;;;;;;;;;;;;;;;;;;;
;;;;;;;;;;;;;;;;;;;;;;;
;;;;;;;;;;;;;;;;;;;;;;;
;;;;;;;;;;;;;;;;;;;;;;;
;;;;;;;;;;;;;;;;;;;;;;;
;;;;;;;;;;;;;;;;;;;;;;;
;;;;;;;;;;;;;;;;;;;;;;;
;;;;;;;;;;;;;;;;;;;;;;;
;;;;;;;;;;;;;;;;;;;;;;;
;;;;;;;;;;;;;;;;;;;;;;;
;;;;;;;;;;;;;;;;;;;;;;;
;;;;;;;;;;;;;;;;;;;;;;;
;;;;;;;;;;;;;;;;;;;;;;;
;;;;;;;;;;;;;;;;;;;;;;;
;;;;;;;;;;;;;;;;;;;;;;;
;;;;;;;;;;;;;;;;;;;;;;;
;;;;;;;;;;;;;;;;;;;;;;;
;;;;;;;;;;;;;;;;;;;;;;;
;;;;;;;;;;;;;;;;;;;;;;;
;;;;;;;;;;;;;;;;;;;;;;;
;;;;;;;;;;;;;;;;;;;;;;;
;;;;;;;;;;;;;;;;;;;;;;;
;;;;;;;;;;;;;;;;;;;;;;;
;;;;;;;;;;;;;;;;;;;;;;;
;;;;;;;;;;;;;;;;;;;;;;;
;;;;;;;;;;;;;;;;;;;;;;;
;;;;;;;;;;;;;;;;;;;;;;;
;;;;;;;;;;;;;;;;;;;;;;;
;;;;;;;;;;;;;;;;;;;;;;;
;;;;;;;;;;;;;;;;;;;;;;;
;;;;;;;;;;;;;;;;;;;;;;;
;;;;;;;;;;;;;;;;;;;;;;;
;;;;;;;;;;;;;;;;;;;;;;;
;;;;;;;;;;;;;;;;;;;;;;;
;;;;;;;;;;;;;;;;;;;;;;;
;;;;;;;;;;;;;;;;;;;;;;;
;;;;;;;;;;;;;;;;;;;;;;;
;;;;;;;;;;;;;;;;;;;;;;;
;;;;;;;;;;;;;;;;;;;;;;;
;;;;;;;;;;;;;;;;;;;;;;;
;;;;;;;;;;;;;;;;;;;;;;;
;;;;;;;;;;;;;;;;;;;;;;;
;;;;;;;;;;;;;;;;;;;;;;;
;;;;;;;;;;;;;;;;;;;;;;;
;;;;;;;;;;;;;;;;;;;;;;;
;;;;;;;;;;;;;;;;;;;;;;;
;;;;;;;;;;;;;;;;;;;;;;;
;;;;;;;;;;;;;;;;;;;;;;;
;;;;;;;;;;;;;;;;;;;;;;;
;;;;;;;;;;;;;;;;;;;;;;;
;;;;;;;;;;;;;;;;;;;;;;;
;;;;;;;;;;;;;;;;;;;;;;;
;;;;;;;;;;;;;;;;;;;;;;;
;;;;;;;;;;;;;;;;;;;;;;;
;;;;;;;;;;;;;;;;;;;;;;;
;;;;;;;;;;;;;;;;;;;;;;;
;;;;;;;;;;;;;;;;;;;;;;;
;;;;;;;;;;;;;;;;;;;;;;;
;;;;;;;;;;;;;;;;;;;;;;;
;;;;;;;;;;;;;;;;;;;;;;;
;;;;;;;;;;;;;;;;;;;;;;;
;;;;;;;;;;;;;;;;;;;;;;;
;;;;;;;;;;;;;;;;;;;;;;;
;;;;;;;;;;;;;;;;;;;;;;;
;;;;;;;;;;;;;;;;;;;;;;;
;;;;;;;;;;;;;;;;;;;;;;;
;;;;;;;;;;;;;;;;;;;;;;;
;;;;;;;;;;;;;;;;;;;;;;;
;;;;;;;;;;;;;;;;;;;;;;;
;;;;;;;;;;;;;;;;;;;;;;;
;;;;;;;;;;;;;;;;;;;;;;;
;;;;;;;;;;;;;;;;;;;;;;;
;;;;;;;;;;;;;;;;;;;;;;;
;;;;;;;;;;;;;;;;;;;;;;;
;;;;;;;;;;;;;;;;;;;;;;;
;;;;;;;;;;;;;;;;;;;;;;;
;;;;;;;;;;;;;;;;;;;;;;;
;;;;;;;;;;;;;;;;;;;;;;;
;;;;;;;;;;;;;;;;;;;;;;;
;;;;;;;;;;;;;;;;;;;;;;;
;;;;;;;;;;;;;;;;;;;;;;;
;;;;;;;;;;;;;;;;;;;;;;;
;;;;;;;;;;;;;;;;;;;;;;;
;;;;;;;;;;;;;;;;;;;;;;;
;;;;;;;;;;;;;;;;;;;;;;;
;;;;;;;;;;;;;;;;;;;;;;;
;;;;;;;;;;;;;;;;;;;;;;;
;;;;;;;;;;;;;;;;;;;;;;;
;;;;;;;;;;;;;;;;;;;;;;;
;;;;;;;;;;;;;;;;;;;;;;;
;;;;;;;;;;;;;;;;;;;;;;;
;;;;;;;;;;;;;;;;;;;;;;;
;;;;;;;;;;;;;;;;;;;;;;;
;;;;;;;;;;;;;;;;;;;;;;;
;;;;;;;;;;;;;;;;;;;;;;;
;;;;;;;;;;;;;;;;;;;;;;;
;;;;;;;;;;;;;;;;;;;;;;;
;;;;;;;;;;;;;;;;;;;;;;;
;;;;;;;;;;;;;;;;;;;;;;;
;;;;;;;;;;;;;;;;;;;;;;;
;;;;;;;;;;;;;;;;;;;;;;;
;;;;;;;;;;;;;;;;;;;;;;;
;;;;;;;;;;;;;;;;;;;;;;;
;;;;;;;;;;;;;;;;;;;;;;;
;;;;;;;;;;;;;;;;;;;;;;;
;;;;;;;;;;;;;;;;;;;;;;;
;;;;;;;;;;;;;;;;;;;;;;;
;;;;;;;;;;;;;;;;;;;;;;;
;;;;;;;;;;;;;;;;;;;;;;;
;;;;;;;;;;;;;;;;;;;;;;;
;;;;;;;;;;;;;;;;;;;;;;;
;;;;;;;;;;;;;;;;;;;;;;;
;;;;;;;;;;;;;;;;;;;;;;;
;;;;;;;;;;;;;;;;;;;;;;;
;;;;;;;;;;;;;;;;;;;;;;;
;;;;;;;;;;;;;;;;;;;;;;;
;;;;;;;;;;;;;;;;;;;;;;;
;;;;;;;;;;;;;;;;;;;;;;;
;;;;;;;;;;;;;;;;;;;;;;;
;;;;;;;;;;;;;;;;;;;;;;;
;;;;;;;;;;;;;;;;;;;;;;;
;;;;;;;;;;;;;;;;;;;;;;;
;;;;;;;;;;;;;;;;;;;;;;;
;;;;;;;;;;;;;;;;;;;;;;;
;;;;;;;;;;;;;;;;;;;;;;;
;;;;;;;;;;;;;;;;;;;;;;;
;;;;;;;;;;;;;;;;;;;;;;;
;;;;;;;;;;;;;;;;;;;;;;;
;;;;;;;;;;;;;;;;;;;;;;;
;;;;;;;;;;;;;;;;;;;;;;;
;;;;;;;;;;;;;;;;;;;;;;;
;;;;;;;;;;;;;;;;;;;;;;;
;;;;;;;;;;;;;;;;;;;;;;;
;;;;;;;;;;;;;;;;;;;;;;;
;;;;;;;;;;;;;;;;;;;;;;;
;;;;;;;;;;;;;;;;;;;;;;;
;;;;;;;;;;;;;;;;;;;;;;;
;;;;;;;;;;;;;;;;;;;;;;;
;;;;;;;;;;;;;;;;;;;;;;;
;;;;;;;;;;;;;;;;;;;;;;;
;;;;;;;;;;;;;;;;;;;;;;;
;;;;;;;;;;;;;;;;;;;;;;;
;;;;;;;;;;;;;;;;;;;;;;;
;;;;;;;;;;;;;;;;;;;;;;;
;;;;;;;;;;;;;;;;;;;;;;;
;;;;;;;;;;;;;;;;;;;;;;;
;;;;;;;;;;;;;;;;;;;;;;;
;;;;;;;;;;;;;;;;;;;;;;;
;;;;;;;;;;;;;;;;;;;;;;;
;;;;;;;;;;;;;;;;;;;;;;;
;;;;;;;;;;;;;;;;;;;;;;;
;;;;;;;;;;;;;;;;;;;;;;;
;;;;;;;;;;;;;;;;;;;;;;;
;;;;;;;;;;;;;;;;;;;;;;;
;;;;;;;;;;;;;;;;;;;;;;;
;;;;;;;;;;;;;;;;;;;;;;;
;;;;;;;;;;;;;;;;;;;;;;;
;;;;;;;;;;;;;;;;;;;;;;;
;;;;;;;;;;;;;;;;;;;;;;;
;;;;;;;;;;;;;;;;;;;;;;;
;;;;;;;;;;;;;;;;;;;;;;;
;;;;;;;;;;;;;;;;;;;;;;;
;;;;;;;;;;;;;;;;;;;;;;;
;;;;;;;;;;;;;;;;;;;;;;;
;;;;;;;;;;;;;;;;;;;;;;;
;;;;;;;;;;;;;;;;;;;;;;;
;;;;;;;;;;;;;;;;;;;;;;;
;;;;;;;;;;;;;;;;;;;;;;;
;;;;;;;;;;;;;;;;;;;;;;;
;;;;;;;;;;;;;;;;;;;;;;;
;;;;;;;;;;;;;;;;;;;;;;;
;;;;;;;;;;;;;;;;;;;;;;;
;;;;;;;;;;;;;;;;;;;;;;;
;;;;;;;;;;;;;;;;;;;;;;;
;;;;;;;;;;;;;;;;;;;;;;;
;;;;;;;;;;;;;;;;;;;;;;;
;;;;;;;;;;;;;;;;;;;;;;;
;;;;;;;;;;;;;;;;;;;;;;;
;;;;;;;;;;;;;;;;;;;;;;;
;;;;;;;;;;;;;;;;;;;;;;;
;;;;;;;;;;;;;;;;;;;;;;;
;;;;;;;;;;;;;;;;;;;;;;;
;;;;;;;;;;;;;;;;;;;;;;;
;;;;;;;;;;;;;;;;;;;;;;;
;;;;;;;;;;;;;;;;;;;;;;;
;;;;;;;;;;;;;;;;;;;;;;;
;;;;;;;;;;;;;;;;;;;;;;;
;;;;;;;;;;;;;;;;;;;;;;;
;;;;;;;;;;;;;;;;;;;;;;;
;;;;;;;;;;;;;;;;;;;;;;;
;;;;;;;;;;;;;;;;;;;;;;;
;;;;;;;;;;;;;;;;;;;;;;;
;;;;;;;;;;;;;;;;;;;;;;;
;;;;;;;;;;;;;;;;;;;;;;;
;;;;;;;;;;;;;;;;;;;;;;;
;;;;;;;;;;;;;;;;;;;;;;;
;;;;;;;;;;;;;;;;;;;;;;;
;;;;;;;;;;;;;;;;;;;;;;;
;;;;;;;;;;;;;;;;;;;;;;;
;;;;;;;;;;;;;;;;;;;;;;;
;;;;;;;;;;;;;;;;;;;;;;;
;;;;;;;;;;;;;;;;;;;;;;;
;;;;;;;;;;;;;;;;;;;;;;;
;;;;;;;;;;;;;;;;;;;;;;;
;;;;;;;;;;;;;;;;;;;;;;;
;;;;;;;;;;;;;;;;;;;;;;;
;;;;;;;;;;;;;;;;;;;;;;;
;;;;;;;;;;;;;;;;;;;;;;;
;;;;;;;;;;;;;;;;;;;;;;;
;;;;;;;;;;;;;;;;;;;;;;;
;;;;;;;;;;;;;;;;;;;;;;;
;;;;;;;;;;;;;;;;;;;;;;;
;;;;;;;;;;;;;;;;;;;;;;;
;;;;;;;;;;;;;;;;;;;;;;;
;;;;;;;;;;;;;;;;;;;;;;;
;;;;;;;;;;;;;;;;;;;;;;;
;;;;;;;;;;;;;;;;;;;;;;;
;;;;;;;;;;;;;;;;;;;;;;;
;;;;;;;;;;;;;;;;;;;;;;;
;;;;;;;;;;;;;;;;;;;;;;;
;;;;;;;;;;;;;;;;;;;;;;;
;;;;;;;;;;;;;;;;;;;;;;;
;;;;;;;;;;;;;;;;;;;;;;;
;;;;;;;;;;;;;;;;;;;;;;;
;;;;;;;;;;;;;;;;;;;;;;;
;;;;;;;;;;;;;;;;;;;;;;;
;;;;;;;;;;;;;;;;;;;;;;;
;;;;;;;;;;;;;;;;;;;;;;;
;;;;;;;;;;;;;;;;;;;;;;;
;;;;;;;;;;;;;;;;;;;;;;;
;;;;;;;;;;;;;;;;;;;;;;;
;;;;;;;;;;;;;;;;;;;;;;;
;;;;;;;;;;;;;;;;;;;;;;;
;;;;;;;;;;;;;;;;;;;;;;;
;;;;;;;;;;;;;;;;;;;;;;;
;;;;;;;;;;;;;;;;;;;;;;;
;;;;;;;;;;;;;;;;;;;;;;;
;;;;;;;;;;;;;;;;;;;;;;;
;;;;;;;;;;;;;;;;;;;;;;;
;;;;;;;;;;;;;;;;;;;;;;;
;;;;;;;;;;;;;;;;;;;;;;;
;;;;;;;;;;;;;;;;;;;;;;;
;;;;;;;;;;;;;;;;;;;;;;;
;;;;;;;;;;;;;;;;;;;;;;;
;;;;;;;;;;;;;;;;;;;;;;;
;;;;;;;;;;;;;;;;;;;;;;;
;;;;;;;;;;;;;;;;;;;;;;;
;;;;;;;;;;;;;;;;;;;;;;;
;;;;;;;;;;;;;;;;;;;;;;;
;;;;;;;;;;;;;;;;;;;;;;;
;;;;;;;;;;;;;;;;;;;;;;;
;;;;;;;;;;;;;;;;;;;;;;;
;;;;;;;;;;;;;;;;;;;;;;;
;;;;;;;;;;;;;;;;;;;;;;;
;;;;;;;;;;;;;;;;;;;;;;;
;;;;;;;;;;;;;;;;;;;;;;;
;;;;;;;;;;;;;;;;;;;;;;;
;;;;;;;;;;;;;;;;;;;;;;;
;;;;;;;;;;;;;;;;;;;;;;;
;;;;;;;;;;;;;;;;;;;;;;;
;;;;;;;;;;;;;;;;;;;;;;;
;;;;;;;;;;;;;;;;;;;;;;;
;;;;;;;;;;;;;;;;;;;;;;;
;;;;;;;;;;;;;;;;;;;;;;;
;;;;;;;;;;;;;;;;;;;;;;;
;;;;;;;;;;;;;;;;;;;;;;;
;;;;;;;;;;;;;;;;;;;;;;;
;;;;;;;;;;;;;;;;;;;;;;;
;;;;;;;;;;;;;;;;;;;;;;;
;;;;;;;;;;;;;;;;;;;;;;;
;;;;;;;;;;;;;;;;;;;;;;;
;;;;;;;;;;;;;;;;;;;;;;;
;;;;;;;;;;;;;;;;;;;;;;;
;;;;;;;;;;;;;;;;;;;;;;;
;;;;;;;;;;;;;;;;;;;;;;;
;;;;;;;;;;;;;;;;;;;;;;;
;;;;;;;;;;;;;;;;;;;;;;;
;;;;;;;;;;;;;;;;;;;;;;;
;;;;;;;;;;;;;;;;;;;;;;;
;;;;;;;;;;;;;;;;;;;;;;;
;;;;;;;;;;;;;;;;;;;;;;;
;;;;;;;;;;;;;;;;;;;;;;;
;;;;;;;;;;;;;;;;;;;;;;;
;;;;;;;;;;;;;;;;;;;;;;;
;;;;;;;;;;;;;;;;;;;;;;;
;;;;;;;;;;;;;;;;;;;;;;;
;;;;;;;;;;;;;;;;;;;;;;;
;;;;;;;;;;;;;;;;;;;;;;;
;;;;;;;;;;;;;;;;;;;;;;;
;;;;;;;;;;;;;;;;;;;;;;;
;;;;;;;;;;;;;;;;;;;;;;;
;;;;;;;;;;;;;;;;;;;;;;;
;;;;;;;;;;;;;;;;;;;;;;;
;;;;;;;;;;;;;;;;;;;;;;;
;;;;;;;;;;;;;;;;;;;;;;;
;;;;;;;;;;;;;;;;;;;;;;;
;;;;;;;;;;;;;;;;;;;;;;;
;;;;;;;;;;;;;;;;;;;;;;;
;;;;;;;;;;;;;;;;;;;;;;;
;;;;;;;;;;;;;;;;;;;;;;;
;;;;;;;;;;;;;;;;;;;;;;;
;;;;;;;;;;;;;;;;;;;;;;;
;;;;;;;;;;;;;;;;;;;;;;;
;;;;;;;;;;;;;;;;;;;;;;;
;;;;;;;;;;;;;;;;;;;;;;;
;;;;;;;;;;;;;;;;;;;;;;;
;;;;;;;;;;;;;;;;;;;;;;;
;;;;;;;;;;;;;;;;;;;;;;;
;;;;;;;;;;;;;;;;;;;;;;;
;;;;;;;;;;;;;;;;;;;;;;;
;;;;;;;;;;;;;;;;;;;;;;;
;;;;;;;;;;;;;;;;;;;;;;;
;;;;;;;;;;;;;;;;;;;;;;;
;;;;;;;;;;;;;;;;;;;;;;;
;;;;;;;;;;;;;;;;;;;;;;;
;;;;;;;;;;;;;;;;;;;;;;;
;;;;;;;;;;;;;;;;;;;;;;;
;;;;;;;;;;;;;;;;;;;;;;;
;;;;;;;;;;;;;;;;;;;;;;;
;;;;;;;;;;;;;;;;;;;;;;;
;;;;;;;;;;;;;;;;;;;;;;;
;;;;;;;;;;;;;;;;;;;;;;;
;;;;;;;;;;;;;;;;;;;;;;;
;;;;;;;;;;;;;;;;;;;;;;;
;;;;;;;;;;;;;;;;;;;;;;;
;;;;;;;;;;;;;;;;;;;;;;;
;;;;;;;;;;;;;;;;;;;;;;;
;;;;;;;;;;;;;;;;;;;;;;;
;;;;;;;;;;;;;;;;;;;;;;;
;;;;;;;;;;;;;;;;;;;;;;;
;;;;;;;;;;;;;;;;;;;;;;;
;;;;;;;;;;;;;;;;;;;;;;;
;;;;;;;;;;;;;;;;;;;;;;;
;;;;;;;;;;;;;;;;;;;;;;;
;;;;;;;;;;;;;;;;;;;;;;;
;;;;;;;;;;;;;;;;;;;;;;;
;;;;;;;;;;;;;;;;;;;;;;;
;;;;;;;;;;;;;;;;;;;;;;;
;;;;;;;;;;;;;;;;;;;;;;;
;;;;;;;;;;;;;;;;;;;;;;;
;;;;;;;;;;;;;;;;;;;;;;;
;;;;;;;;;;;;;;;;;;;;;;;
;;;;;;;;;;;;;;;;;;;;;;;
;;;;;;;;;;;;;;;;;;;;;;;
;;;;;;;;;;;;;;;;;;;;;;;
;;;;;;;;;;;;;;;;;;;;;;;
;;;;;;;;;;;;;;;;;;;;;;;
;;;;;;;;;;;;;;;;;;;;;;;
;;;;;;;;;;;;;;;;;;;;;;;
;;;;;;;;;;;;;;;;;;;;;;;
;;;;;;;;;;;;;;;;;;;;;;;
;;;;;;;;;;;;;;;;;;;;;;;
;;;;;;;;;;;;;;;;;;;;;;;
;;;;;;;;;;;;;;;;;;;;;;;
;;;;;;;;;;;;;;;;;;;;;;;
;;;;;;;;;;;;;;;;;;;;;;;
;;;;;;;;;;;;;;;;;;;;;;;
;;;;;;;;;;;;;;;;;;;;;;;
;;;;;;;;;;;;;;;;;;;;;;;
;;;;;;;;;;;;;;;;;;;;;;;
;;;;;;;;;;;;;;;;;;;;;;;
;;;;;;;;;;;;;;;;;;;;;;;
;;;;;;;;;;;;;;;;;;;;;;;
;;;;;;;;;;;;;;;;;;;;;;;
;;;;;;;;;;;;;;;;;;;;;;;
;;;;;;;;;;;;;;;;;;;;;;;
;;;;;;;;;;;;;;;;;;;;;;;
;;;;;;;;;;;;;;;;;;;;;;;
;;;;;;;;;;;;;;;;;;;;;;;
;;;;;;;;;;;;;;;;;;;;;;;
;;;;;;;;;;;;;;;;;;;;;;;
;;;;;;;;;;;;;;;;;;;;;;;
;;;;;;;;;;;;;;;;;;;;;;;
;;;;;;;;;;;;;;;;;;;;;;;
;;;;;;;;;;;;;;;;;;;;;;;
;;;;;;;;;;;;;;;;;;;;;;;
;;;;;;;;;;;;;;;;;;;;;;;
;;;;;;;;;;;;;;;;;;;;;;;
;;;;;;;;;;;;;;;;;;;;;;;
;;;;;;;;;;;;;;;;;;;;;;;
;;;;;;;;;;;;;;;;;;;;;;;
;;;;;;;;;;;;;;;;;;;;;;;
;;;;;;;;;;;;;;;;;;;;;;;
;;;;;;;;;;;;;;;;;;;;;;;
;;;;;;;;;;;;;;;;;;;;;;;
;;;;;;;;;;;;;;;;;;;;;;;
;;;;;;;;;;;;;;;;;;;;;;;
;;;;;;;;;;;;;;;;;;;;;;;
;;;;;;;;;;;;;;;;;;;;;;;
;;;;;;;;;;;;;;;;;;;;;;;
;;;;;;;;;;;;;;;;;;;;;;;
;;;;;;;;;;;;;;;;;;;;;;;
;;;;;;;;;;;;;;;;;;;;;;;
;;;;;;;;;;;;;;;;;;;;;;;
;;;;;;;;;;;;;;;;;;;;;;;
;;;;;;;;;;;;;;;;;;;;;;;
;;;;;;;;;;;;;;;;;;;;;;;
;;;;;;;;;;;;;;;;;;;;;;;
;;;;;;;;;;;;;;;;;;;;;;;
;;;;;;;;;;;;;;;;;;;;;;;
;;;;;;;;;;;;;;;;;;;;;;;
;;;;;;;;;;;;;;;;;;;;;;;
;;;;;;;;;;;;;;;;;;;;;;;
;;;;;;;;;;;;;;;;;;;;;;;
;;;;;;;;;;;;;;;;;;;;;;;
;;;;;;;;;;;;;;;;;;;;;;;
;;;;;;;;;;;;;;;;;;;;;;;
;;;;;;;;;;;;;;;;;;;;;;;
;;;;;;;;;;;;;;;;;;;;;;;
;;;;;;;;;;;;;;;;;;;;;;;
;;;;;;;;;;;;;;;;;;;;;;;
;;;;;;;;;;;;;;;;;;;;;;;
;;;;;;;;;;;;;;;;;;;;;;;
;;;;;;;;;;;;;;;;;;;;;;;
;;;;;;;;;;;;;;;;;;;;;;;
;;;;;;;;;;;;;;;;;;;;;;;
;;;;;;;;;;;;;;;;;;;;;;;
;;;;;;;;;;;;;;;;;;;;;;;
;;;;;;;;;;;;;;;;;;;;;;;
;;;;;;;;;;;;;;;;;;;;;;;
;;;;;;;;;;;;;;;;;;;;;;;
;;;;;;;;;;;;;;;;;;;;;;;
;;;;;;;;;;;;;;;;;;;;;;;
;;;;;;;;;;;;;;;;;;;;;;;
;;;;;;;;;;;;;;;;;;;;;;;
;;;;;;;;;;;;;;;;;;;;;;;
;;;;;;;;;;;;;;;;;;;;;;;
;;;;;;;;;;;;;;;;;;;;;;;
;;;;;;;;;;;;;;;;;;;;;;;
;;;;;;;;;;;;;;;;;;;;;;;
;;;;;;;;;;;;;;;;;;;;;;;
;;;;;;;;;;;;;;;;;;;;;;;
;;;;;;;;;;;;;;;;;;;;;;;
;;;;;;;;;;;;;;;;;;;;;;;
;;;;;;;;;;;;;;;;;;;;;;;
;;;;;;;;;;;;;;;;;;;;;;;
;;;;;;;;;;;;;;;;;;;;;;;
;;;;;;;;;;;;;;;;;;;;;;;
;;;;;;;;;;;;;;;;;;;;;;;
;;;;;;;;;;;;;;;;;;;;;;;
;;;;;;;;;;;;;;;;;;;;;;;
;;;;;;;;;;;;;;;;;;;;;;;
;;;;;;;;;;;;;;;;;;;;;;;
;;;;;;;;;;;;;;;;;;;;;;;
;;;;;;;;;;;;;;;;;;;;;;;
;;;;;;;;;;;;;;;;;;;;;;;
;;;;;;;;;;;;;;;;;;;;;;;
;;;;;;;;;;;;;;;;;;;;;;;
;;;;;;;;;;;;;;;;;;;;;;;
;;;;;;;;;;;;;;;;;;;;;;;
;;;;;;;;;;;;;;;;;;;;;;;
;;;;;;;;;;;;;;;;;;;;;;;
;;;;;;;;;;;;;;;;;;;;;;;
;;;;;;;;;;;;;;;;;;;;;;;
;;;;;;;;;;;;;;;;;;;;;;;
;;;;;;;;;;;;;;;;;;;;;;;
;;;;;;;;;;;;;;;;;;;;;;;
;;;;;;;;;;;;;;;;;;;;;;;
;;;;;;;;;;;;;;;;;;;;;;;
;;;;;;;;;;;;;;;;;;;;;;;
;;;;;;;;;;;;;;;;;;;;;;;
;;;;;;;;;;;;;;;;;;;;;;;
;;;;;;;;;;;;;;;;;;;;;;;
;;;;;;;;;;;;;;;;;;;;;;;
;;;;;;;;;;;;;;;;;;;;;;;
;;;;;;;;;;;;;;;;;;;;;;;
;;;;;;;;;;;;;;;;;;;;;;;
;;;;;;;;;;;;;;;;;;;;;;;
;;;;;;;;;;;;;;;;;;;;;;;
;;;;;;;;;;;;;;;;;;;;;;;
;;;;;;;;;;;;;;;;;;;;;;;
;;;;;;;;;;;;;;;;;;;;;;;
;;;;;;;;;;;;;;;;;;;;;;;
;;;;;;;;;;;;;;;;;;;;;;;
;;;;;;;;;;;;;;;;;;;;;;;
;;;;;;;;;;;;;;;;;;;;;;;
;;;;;;;;;;;;;;;;;;;;;;;
;;;;;;;;;;;;;;;;;;;;;;;
;;;;;;;;;;;;;;;;;;;;;;;
;;;;;;;;;;;;;;;;;;;;;;;
;;;;;;;;;;;;;;;;;;;;;;;
;;;;;;;;;;;;;;;;;;;;;;;
;;;;;;;;;;;;;;;;;;;;;;;
;;;;;;;;;;;;;;;;;;;;;;;
;;;;;;;;;;;;;;;;;;;;;;;
;;;;;;;;;;;;;;;;;;;;;;;
;;;;;;;;;;;;;;;;;;;;;;;
;;;;;;;;;;;;;;;;;;;;;;;
;;;;;;;;;;;;;;;;;;;;;;;
;;;;;;;;;;;;;;;;;;;;;;;
;;;;;;;;;;;;;;;;;;;;;;;
;;;;;;;;;;;;;;;;;;;;;;;
;;;;;;;;;;;;;;;;;;;;;;;
;;;;;;;;;;;;;;;;;;;;;;;
;;;;;;;;;;;;;;;;;;;;;;;
;;;;;;;;;;;;;;;;;;;;;;;
;;;;;;;;;;;;;;;;;;;;;;;
;;;;;;;;;;;;;;;;;;;;;;;
;;;;;;;;;;;;;;;;;;;;;;;
;;;;;;;;;;;;;;;;;;;;;;;
;;;;;;;;;;;;;;;;;;;;;;;
;;;;;;;;;;;;;;;;;;;;;;;
;;;;;;;;;;;;;;;;;;;;;;;
;;;;;;;;;;;;;;;;;;;;;;;
;;;;;;;;;;;;;;;;;;;;;;;
;;;;;;;;;;;;;;;;;;;;;;;
;;;;;;;;;;;;;;;;;;;;;;;
;;;;;;;;;;;;;;;;;;;;;;;
;;;;;;;;;;;;;;;;;;;;;;;
;;;;;;;;;;;;;;;;;;;;;;;
;;;;;;;;;;;;;;;;;;;;;;;
;;;;;;;;;;;;;;;;;;;;;;;
;;;;;;;;;;;;;;;;;;;;;;;
;;;;;;;;;;;;;;;;;;;;;;;
;;;;;;;;;;;;;;;;;;;;;;;
;;;;;;;;;;;;;;;;;;;;;;;
;;;;;;;;;;;;;;;;;;;;;;;
;;;;;;;;;;;;;;;;;;;;;;;
;;;;;;;;;;;;;;;;;;;;;;;
;;;;;;;;;;;;;;;;;;;;;;;
;;;;;;;;;;;;;;;;;;;;;;;
;;;;;;;;;;;;;;;;;;;;;;;
;;;;;;;;;;;;;;;;;;;;;;;
;;;;;;;;;;;;;;;;;;;;;;;
;;;;;;;;;;;;;;;;;;;;;;;
;;;;;;;;;;;;;;;;;;;;;;;
;;;;;;;;;;;;;;;;;;;;;;;
;;;;;;;;;;;;;;;;;;;;;;;
;;;;;;;;;;;;;;;;;;;;;;;
;;;;;;;;;;;;;;;;;;;;;;;
;;;;;;;;;;;;;;;;;;;;;;;
;;;;;;;;;;;;;;;;;;;;;;;
;;;;;;;;;;;;;;;;;;;;;;;
;;;;;;;;;;;;;;;;;;;;;;;
;;;;;;;;;;;;;;;;;;;;;;;
;;;;;;;;;;;;;;;;;;;;;;;
;;;;;;;;;;;;;;;;;;;;;;;
;;;;;;;;;;;;;;;;;;;;;;;
;;;;;;;;;;;;;;;;;;;;;;;
;;;;;;;;;;;;;;;;;;;;;;;
;;;;;;;;;;;;;;;;;;;;;;;
;;;;;;;;;;;;;;;;;;;;;;;
;;;;;;;;;;;;;;;;;;;;;;;
;;;;;;;;;;;;;;;;;;;;;;;
;;;;;;;;;;;;;;;;;;;;;;;
;;;;;;;;;;;;;;;;;;;;;;;
;;;;;;;;;;;;;;;;;;;;;;;
;;;;;;;;;;;;;;;;;;;;;;;
;;;;;;;;;;;;;;;;;;;;;;;
;;;;;;;;;;;;;;;;;;;;;;;
;;;;;;;;;;;;;;;;;;;;;;;
;;;;;;;;;;;;;;;;;;;;;;;
;;;;;;;;;;;;;;;;;;;;;;;
;;;;;;;;;;;;;;;;;;;;;;;
;;;;;;;;;;;;;;;;;;;;;;;
;;;;;;;;;;;;;;;;;;;;;;;
