Zone,Addresse,Nom,Nbaffiches,DernierCollage,decolle,NomIti,PosIti,Coord,Officiel
Angoulême,Espace Franquin,Espace Franquin,,15/06/2022 22:46:40,TRUE,,,"45.64939700471602, 0.1598302353428778",TRUE
Angoulême,LEP de Sillac,LEP de Sillac,,14/06/2022 15:57:32,TRUE,,,"45.64644381812403, 0.14002635264936159",TRUE
Angoulême,Place de la Marne,Place de la Marne,,15/06/2022 23:50:56,TRUE,,,"45.643903, 0.128860",TRUE
Angoulême,Hôtel de ville,Hôtel de ville,,15/06/2022 10:18:59,TRUE,,,"45.648715, 0.156168",TRUE
Angoulême,École Comtesse de Ségur/Collège Jules Verne,3 place Henri Dunant,,15/06/2022 10:24:56,TRUE,,,"45.648560, 0.153648",TRUE
Angoulême,Maison de quartier Saint-Martin/Saint-Ausone,square R. Guichard,,15/06/2022 23:45:01,TRUE,,,"45.649007, 0.144835",TRUE
Angoulême,École primaire A. Fournie,École primaire A. Fournie,,15/12/2022 23:04:43,FALSE,,,"45.652150, 0.127007",TRUE
Angoulême,"École Uderzo, rue Antoine de Conflans","École Uderzo, rue Antoine de Conflans",,16/06/2022 00:09:55,TRUE,,,"45.649485, 0.117154",TRUE
Angoulême,"Salle conviviale Grande Garenne, rue Pierre Aumaître","Salle conviviale Grande Garenne, rue Pierre Aumaître",,15/06/2022 23:54:37,TRUE,,,"45.647520, 0.126390",TRUE
Angoulême,"École Victor Hugo, rue F. Laporte","École Victor Hugo, rue F. Laporte",,16/06/2022 08:45:03,TRUE,,,"45.648526, 0.175059",TRUE
Angoulême,"Bâtiment Prévert, grillage de clôture de la rue Théodore Botrel à l’entrée principale","Bâtiment Prévert, grillage de clôture de la rue Théodore Botrel à l’entrée principale",,16/06/2022 16:16:28,TRUE,,,"45.653753, 0.169482",TRUE
Angoulême,Carrefour de la Madeleine,Carrefour de la Madeleine,,16/06/2022 16:18:31,TRUE,,,"45.65843089240663, 0.1730521672355194",TRUE
Angoulême,École maternelle A. Daudet,École maternelle A. Daudet,,16/06/2022 23:09:06,TRUE,,,"45.6555026411427, 0.16026983280545987",TRUE
Angoulême,École Victor Duruy,École Victor Duruy,,15/06/2022 15:28:19,TRUE,,,"45.65730339764431, 0.14698582319602277",TRUE
Angoulême,archives départementales,archives départementales,,16/06/2022 08:54:43,TRUE,,,"45.65208588136844, 0.1633060144200151",TRUE
Angoulême,383 rue de Périgueux,383 rue de Périgueux,,15/06/2022 22:10:04,TRUE,,,"45.64493587413583, 0.17962620758933365",TRUE
Angoulême,"Rue de Bordeaux, entrée du Nil","Rue de Bordeaux, entrée du Nil",,14/06/2022 15:53:23,TRUE,,,"45.65350715086419, 0.1483270120409856",TRUE
Angoulême,"Rue de Bordeaux, entrée du Nil","Rue de Bordeaux, entrée du Nil",,15/06/2022 23:13:37,TRUE,Officiel Angoulême,,"45.653507, 0.148327",TRUE
Angoulême,"Collège Marguerite de Valois, en face du 7 rue Marguerite d’Angoulême",7 rue Marguerite d’Angoulême,,16/06/2022 16:09:44,TRUE,,,"45.653660, 0.176478",TRUE
Angoulême,"École Ferdinand Buisson, 114 rue de Périgueux","École Ferdinand Buisson, 114 rue de Périgueux",,15/06/2022 11:56:34,TRUE,,,"45.64787486199999, 0.16762273470819916",TRUE
Angoulême,École maternelle Jean de La Fontaine,École maternelle Jean de La Fontaine,,15/06/2022 12:01:42,TRUE,,,"45.649169, 0.167828",TRUE
Angoulême,"Ma Campagne, allée de la Pléiade","Ma Campagne, allée de la Pléiade",,16/06/2022 08:03:40,TRUE,,,"45.630613, 0.154916",TRUE
Angoulême,place de l’Arche,place de l’Arche,,17/06/2022 23:02:11,TRUE,,,"45.631013, 0.142467",TRUE
Angoulême,"Rue R. Poincaré, face à la poste centrale du Champ de Mars","Rue R. Poincaré, face à la poste centrale du Champ de Mars",,15/06/2022 12:12:24,TRUE,,,"45.649881776558914, 0.16275260596603794",TRUE
Angoulême,école maternelle Condorcet,école maternelle Condorcet,,15/06/2022 11:49:39,TRUE,,,"45.647766, 0.161840",TRUE
Angoulême,Place Vittoria,Place Vittoria,,17/06/2022 23:11:13,TRUE,,,"45.63008075713309, 0.1491737116367106",TRUE
Angoulême,Rue de la Belle Allée du Petit Fresque,Rue de la Belle Allée du Petit Fresque,1,15/06/2022 22:23:19,TRUE,,1,"45.639100, 0.172085",TRUE
Angoulême,"Ma Campagne, parking d’Intermarché de Ma Campagne","Ma Campagne, parking d’Intermarché de Ma Campagne",,16/06/2022 08:05:45,TRUE,,,"45.631952, 0.152983",TRUE
Angoulême,"Collège Jules Michelet, parking rue des Frères Lumière","Collège Jules Michelet, parking rue des Frères Lumière",,15/06/2022 12:02:21,TRUE,,,"45.648741, 0.165676",TRUE
Angoulême,"Bd Chanzy, 16006 Angoulême",Chanzy,,24/12/2022 09:46:49,FALSE,5,3,"45.642408, 0.176810",FALSE
Angoulême,"31 Bd Besson Bey, 16000 Angoulême",Bd Besson Bey,4,23/12/2022 07:51:00,TRUE,,3,"45.6579215,0.1607381",FALSE
Angoulême,"20 Rue de Clerac À Sillac, 16000 Angoulême",Clerac à Sillac,1,23/12/2022 10:15:36,TRUE,3,7,"45.640261, 0.156918",FALSE
Angoulême,"10 Pl. Delivertoux, 16000 Angoulême",Delivertoux,4,24/12/2022 09:02:24,FALSE,5,9,"45.648291, 0.175102",FALSE
Angoulême,"1 Rue de la Tourgarnier, 16000 Angoulême",Colonne Bussate,8,24/12/2022 08:53:01,FALSE,5,8,"45.647687, 0.166739",FALSE
Angoulême,"15 Rue d'Aguesseau, 16000 Angoulême",Espace Franquin,8,24/12/2022 08:52:56,FALSE,,9,"45.649534, 0.159657",FALSE
Angoulême,"1 Rue Raymond Poincaré, 16000 Angoulême",Hôtel de Police,8,24/12/2022 08:52:59,FALSE,,7,"45.649761, 0.162807",FALSE
Angoulême,"20 Pl. Mulac, 16000 Angoulême",Place Mulac,8,24/12/2022 08:53:11,FALSE,6,6,"45.6573651,0.1487417",FALSE
Angoulême,"43 Rue Jean Maintenon, 16000 Angoulême",Maintenon,8,17/06/2022 22:42:05,TRUE,6,7,"45.651394, 0.138920",FALSE
Angoulême,"3 Rue Saint-Vincent de Paul, 16000 Angoulême",St Vincent de Paul,8,23/12/2022 08:07:57,FALSE,6,3,"45.6482841,0.1202347",FALSE
Angoulême,"159 Rue Jules Durandeau, 16000 Angoulême",Jules Durandeau,8,28/12/2022 15:53:05,FALSE,6,4,"45.663715,0.151748",FALSE
Angoulême,"72 Rue de Beaulieu, 16000 Angoulême",Beaulieu,4,23/12/2022 10:49:21,FALSE,,8,"45.650599, 0.148989",FALSE
Angoulême,"17 Rue Gontran Labregere, 16000 Angoulême",Labregere,4,23/12/2022 07:57:05,FALSE,6,5,"45.6618164,0.1449709",FALSE
Angoulême,"2 Rue Pierre Brossolette, 16000 Angoulême",Rue de Limoges,6,20/12/2022 07:17:19,FALSE,2,3,"45.659184, 0.175206",FALSE
Angoulême,"19 Rue de la Cigogne, 16000 Angoulême",La Cigogne,2,24/12/2022 09:25:32,FALSE,5,1,"45.636789, 0.180832",FALSE
Angoulême,"65 Rue de la Loire, 16000 Angoulême",Saint-Gelais,4,17/06/2022 09:01:04,TRUE,,5,"45.645174, 0.162315",FALSE
Angoulême,"65 Rue de la Loire, 16000 Angoulême",Saint-Gelais,4,17/06/2022 09:00:59,TRUE,C,5,"45.645174, 0.162315",FALSE
Angoulême,"143 Rue de Montmoreau, 16000 Angoulême",Montmoreau,4,17/06/2022 23:26:14,TRUE,3,6,"45.641484, 0.157106",FALSE
Angoulême,"Rue Pierre Aumaitre, 16000 Angoulême",Pierre Aumaitre,1,23/12/2022 08:03:33,FALSE,6,1,"45.649403, 0.129630",FALSE
Angoulême,"Rue Emile Peyronnet, 16000 Angoulême",Emile Peyronnet,1,16/12/2022 22:55:34,TRUE,6,2,"45.6493499,0.1133838",FALSE
Angoulême,"Rue Théodore Botrel, 16006 Angoulême",Théodore Botrel,,16/12/2022 22:07:27,FALSE,,6,"45.653627, 0.168985",FALSE
Angoulême,"Rue Paul Mairat, 16006 Angoulême",Paul Mairat,,15/06/2022 09:50:38,TRUE,,4,"45.656128, 0.173252",FALSE
Angoulême,"Rue Marguerite d'Angoulême, 16006 Angoulême",Marguerite d'Angoulême,,23/12/2022 07:30:00,TRUE,2,5,"45.654789, 0.175617",FALSE
Angoulême,"Bd de la République, 16006 Angoulême",Boulevard de la République,1,17/06/2022 22:21:47,TRUE,5,2,"45.6511717,0.1702666",FALSE
Angoulême,"Rue Claude Bonnier, 16000 Angoulême",Claude Bonnier,,23/12/2022 09:56:33,FALSE,3,12,"45.630673, 0.141080",FALSE
Angoulême,"Rue du Canada, 16000 Angoulême",Canada,,23/12/2022 10:08:23,FALSE,3,8,"45.638270, 0.151998",FALSE
Angoulême,"Bd Jacques Monod, 16000 Angoulême",Boulevard Jacques Monod,,23/12/2022 10:02:00,FALSE,3,11,"45.631771, 0.155872",FALSE
Angoulême,"Rue Paul Mairat, 16006 Angoulême, France",Bus Mairat,2,23/12/2022 07:30:03,TRUE,2,1,"45.656045, 0.173206",FALSE
Angoulême,,Rue de la Loire,4,16/06/2022 00:40:03,TRUE,,,"45.641578, 0.157275",FALSE
BALZAC,Place Jean-Louis Guez de Balzac,,,15/06/2022 16:42:22,TRUE,,,"45.71123505126908, 0.1376286992288311",TRUE
BALZAC,Place de la Liberté,,,15/06/2022 16:47:55,TRUE,,,"45.711869924694284, 0.14580236342161954",TRUE
BOUEX, place de la Mairie,,,15/06/2022 01:30:03,TRUE,,,"45.616045, 0.317553",TRUE
CHAMPNIERS,Rue des Autours (Le Bourg),,,14/06/2022 22:42:51,TRUE,,,"45.714855, 0.203589",TRUE
CHAMPNIERS,Rue des Colverts (Le Bourg),,,14/06/2022 22:42:56,TRUE,,,"45.717174, 0.204578",TRUE
CHAMPNIERS,Rue de la Sauge,,,14/06/2022 22:42:41,TRUE,,,"45.700778, 0.237697",TRUE
CHAMPNIERS,Rue de l’Aneth,,,14/06/2022 22:42:48,TRUE,,,"45.704536, 0.235022",TRUE
CHAMPNIERS,Rue Jean-Baptiste de la Péruse,,,14/06/2022 22:42:37,TRUE,,,"45.747338, 0.191804",TRUE
CHAMPNIERS,Rue des Plantier,,,14/06/2022 22:43:00,TRUE,,,"45.69236821940109, 0.17772596448972328",TRUE
CHAMPNIERS,Rue des Platanes,,,14/06/2022 22:42:59,TRUE,,,"45.703257, 0.182068",TRUE
CHAMPNIERS,Rue des Porches,,,14/06/2022 22:36:33,TRUE,,,"45.691738, 0.210664",TRUE
CHAMPNIERS,Rue des Capucines Les Guérins,,,14/06/2022 22:43:02,TRUE,,,"45.703341, 0.169547",TRUE
CHAMPNIERS,Rue des Vielles Pierres (Chez Nauve),,,14/06/2022 22:42:31,TRUE,,,"45.701228, 0.208994",TRUE
CHAMPNIERS,Chemin de l’Œil de Bœuf (La Vallade),,,14/06/2022 22:31:00,TRUE,,,"45.678479, 0.184331",TRUE
CHAMPNIERS,Rue Lucien Deschamps/rue Marguerite de Valois (Les Limbaudières),,,14/06/2022 22:42:35,TRUE,,,"45.736109, 0.209972",TRUE
CHAMPNIERS,Chemin des Plaqueminiers (Les Rossignols),,,14/06/2022 22:42:53,TRUE,,,"45.703899, 0.194366",TRUE
Cloulas,,Cloulas,,30/05/2022 20:19:57,TRUE,,,"45.549447, 0.312325",TRUE
Dignac,,Dignac,1,30/05/2022 20:19:59,TRUE,,,"45.557450, 0.281469",TRUE
Dirac,mairie,,,15/06/2022 01:29:58,TRUE,,,"45.605417, 0.248379",TRUE
Fléac,École,,,11/06/2022 10:12:39,TRUE,,,"45.66774337862188, 0.09682043962804135",TRUE
Fléac,Thouérat (Placette),,,14/06/2022 14:32:20,TRUE,,,"45.673354, 0.111087",TRUE
Fléac,Rue de La Lurate,,,11/06/2022 10:26:01,TRUE,,,"45.679738, 0.100757",TRUE
Fléac,Place Bioujou (La Vallade),,,11/06/2022 10:43:33,TRUE,,,"45.683710, 0.089674",TRUE
Fléac,Place de Brénat,,,15/06/2022 17:00:36,TRUE,,,"45.691397, 0.078034",TRUE
Fléac,Rue de Badoris,,,11/06/2022 10:09:18,TRUE,,,"45.650850, 0.098371",TRUE
Fléac,Avenue des Sports,,,11/06/2022 09:51:22,TRUE,,,"45.66197330713641, 0.0897632971530561",TRUE
Fléac,Place Markbreit (centre commercial,,,11/06/2022 09:55:41,TRUE,,,"45.664357, 0.093576",TRUE
GARAT,"Rue du Stade, clôture du Stade Jean Niollet",,,15/06/2022 01:29:56,TRUE,,,"45.621714, 0.262950",TRUE
GOND-PONTOUVRE,Route de Vars (mur du cimetière),,,14/06/2022 18:21:00,TRUE,,,"45.663938, 0.162226",TRUE
GOND-PONTOUVRE,Route de Vars (face au Crédit Agricole),,,19/06/2022 10:47:37,TRUE,,,"45.669112, 0.160852",TRUE
GOND-PONTOUVRE,Chalonne,,,14/06/2022 18:38:00,TRUE,,,"45.689478, 0.155924",TRUE
GOND-PONTOUVRE,Rue Pasteur,,,15/06/2022 19:03:07,TRUE,,,"45.674002, 0.170612",TRUE
GOND-PONTOUVRE,Rue du Général Leclerc (coté voie de chemin de fer),,,14/06/2022 18:16:16,TRUE,,,"45.660782, 0.171109",TRUE
GOND-PONTOUVRE,Route de Paris (Pont de Pisany),,,14/06/2022 18:10:14,TRUE,,,"45.665928, 0.171028",TRUE
GOND-PONTOUVRE,Route de Paris (Pont de la Touvre),,,14/06/2022 18:02:54,TRUE,,,"45.676359, 0.175546",TRUE
GOND-PONTOUVRE,Rue de l'Égalité (ancienne mairie),,,14/06/2022 18:23:21,TRUE,,,"45.667181, 0.165811",TRUE
GOND-PONTOUVRE,École du Pontouvre,,,14/06/2022 18:07:29,TRUE,,,"45.671688, 0.173511",TRUE
GOND-PONTOUVRE,École de Roffit,,,14/06/2022 18:32:16,TRUE,,,"45.675873, 0.158100",TRUE
GOND-PONTOUVRE,Rue du Treuil (grille du CES),,,14/06/2022 18:58:09,TRUE,,,"45.680128, 0.163816",TRUE
L'isle D'espagnac,Rue de la libération,Rue de la libération,1,14/06/2022 22:57:37,TRUE,,1,"45.666133, 0.202772",TRUE
L'isle D'espagnac,Avenue Jean Mermoz ,foyer culture loisirs,1,14/06/2022 22:57:35,TRUE,,1,"45.672439, 0.209565",TRUE
L'isle D'espagnac,Avenue de Montbron,Bois Boutin,,14/06/2022 23:12:20,TRUE,,,"45.662133, 0.218808",TRUE
L'isle D'espagnac,Avenue Jean Jaurès,rue Georges Clémenceau,,14/06/2022 23:37:12,TRUE,,,"45.652663, 0.190478",TRUE
L'isle D'espagnac,Rue des Plantiers,Rue des Plantiers,1,14/06/2022 23:16:57,TRUE,,1,"45.666151, 0.195949",TRUE
L'isle D'espagnac,Rue Denis Papin,,1,14/06/2022 23:33:44,TRUE,,1,"45.658958, 0.190642",TRUE
L'isle D'espagnac,Rue Aristide Briand,Ancien garage,,14/06/2022 23:07:17,TRUE,,,"45.659478, 0.202945",TRUE
L'isle D'espagnac,Rue Victore Hugo,Rue Victore Hugo,1,14/06/2022 23:22:47,TRUE,,1,"45.668552, 0.187267",TRUE
L'isle D'espagnac,Boulevard des Ecasseaux,Boulevard des Ecasseaux,,14/06/2022 23:19:37,TRUE,,,"45.66559819079456, 0.1903490781182613",TRUE
L'isle D'espagnac,Avenue de la République,,1,14/06/2022 23:26:37,TRUE,,1,"45.660834, 0.182274",TRUE
L'isle D'espagnac,,Isle d'Espagnac,1,19/12/2022 08:53:25,FALSE,2,1,"45.658861, 0.190995",TRUE
L'isle D'espagnac,"32 Rue Denis Papin, 16340 L'Isle-d'Espagnac",Papin,2,20/12/2022 07:17:16,FALSE,2,2,"45.658723, 0.190853",FALSE
L'isle D'espagnac,,,1,20/06/2022 20:59:41,TRUE,,,"45.663575, 0.197613",TRUE
La Couronne,"Rue du 19 Mars 1962, 16400 La Couronne",Rue du 19 mars 1962,1,23/12/2022 09:07:18,FALSE,1,3,"45.610699, 0.099944",FALSE
La Couronne,"Pl. du 14 Juillet, 16400 La Couronne",Place du 14 Juillet,1,23/12/2022 09:01:54,FALSE,1,4,"45.609268, 0.097255",FALSE
La Couronne,"16400 La Couronne, France",Chez Dion,1,23/12/2022 08:48:36,FALSE,,9,"45.613118, 0.071743",FALSE
La Couronne,"16400 La Couronne, France",Les Barrets,1,23/12/2022 08:54:37,FALSE,,10,"45.611885, 0.086179",FALSE
La Couronne,"Le Grand Maine, 16400 La Couronne",Le Grand Maine,1,23/12/2022 08:42:37,FALSE,,7,"45.623605, 0.076695",FALSE
La Couronne,"16400 La Couronne, France",Le Mas,,23/12/2022 08:38:20,FALSE,,8,"45.625329, 0.096012",FALSE
La Couronne,"Breuty, 16400 La Couronne",Breuty,1,16/06/2022 18:37:24,TRUE,3,9,"45.618849, 0.116854",TRUE
La Couronne,"La Contrie, 16400 La Couronne",La Contrie,1,23/12/2022 09:22:34,FALSE,,6,"45.601212, 0.102029",FALSE
La Couronne,"All. des Sports, 16400 La Couronne",Allée des Sports,1,23/12/2022 09:19:30,FALSE,,7,"45.601337, 0.095358",FALSE
La Couronne,"Hippodrome, 16400 La Couronne",Hippodrome,4,23/12/2022 09:40:22,FALSE,3,13,"45.617868, 0.137869",FALSE
La Couronne,"Pl. du 14 Juillet, 16400 La Couronne",Place du 14 Juillet,1,16/06/2022 20:26:37,TRUE,1,4,"45.609268, 0.097255",TRUE
La Couronne,"16400 La Couronne, France",Chez Dion,1,16/06/2022 17:31:32,TRUE,1,9,"45.613397, 0.070626",TRUE
La Couronne,"16400 La Couronne, France",Les Barrets,1,23/12/2022 08:54:34,FALSE,1,10,"45.611885, 0.086179",FALSE
La Couronne,"Le Grand Maine, 16400 La Couronne",Le Grand Maine,1,16/06/2022 20:30:07,TRUE,4,7,"45.622524, 0.078227",TRUE
La Couronne,"16400 La Couronne, France",Le Mas,,16/12/2022 23:08:38,FALSE,4,8,"45.625329, 0.096012",FALSE
La Couronne,"Breuty, 16400 La Couronne",Breuty,1,23/12/2022 09:46:27,FALSE,1,9,"45.618849, 0.116854",FALSE
La Couronne,"16400 La Couronne, France",Les Séverins,1,23/12/2022 09:27:47,FALSE,1,1,"45.605532, 0.119567",FALSE
La Couronne,"La Contrie, 16400 La Couronne",La Contrie,1,23/12/2022 10:49:00,FALSE,1,6,"45.601212, 0.102029",FALSE
La Couronne,"16400 La Couronne, France",La Montée,1,16/06/2022 20:26:42,TRUE,1,8,"45.606961, 0.088222",TRUE
La Couronne,"All. des Sports, 16400 La Couronne",Allée des Sports,1,23/12/2022 09:22:54,FALSE,1,7,"45.601337, 0.095358",FALSE
La Couronne,"Rte de Libourne, 16400 La Couronne",Route de Libourne,6,23/12/2022 09:35:54,FALSE,3,13,"45.609314, 0.151313",FALSE
La Couronne,"Le Pont Neuf, entrée du lot de la route de Vœuil",,,16/06/2022 18:58:39,TRUE,,,"45.60201908577267, 0.13897836111157483",TRUE
La Couronne,"Les Séverins, route de Vœuil aux Séverins",,,17/06/2022 22:24:51,TRUE,,,"45.605272, 0.119459",TRUE
La Couronne,,Champ de Foire / Av Libération,,16/06/2022 20:26:33,TRUE,,,"45.606272, 0.100459",TRUE
Les Poètes 1,,,2,19/12/2022 10:05:21,FALSE,6,,"45.648026, 0.108503",FALSE
MAGNAC SUR TOUVRE,Rue R. Guillardie,Rue R. Guillardie,,16/06/2022 15:06:46,TRUE,,,"45.675459, 0.224743",TRUE
MAGNAC SUR TOUVRE,Rue Pasteur,Rue Pasteur,,16/06/2022 15:08:13,TRUE,,,"45.673034, 0.229973",TRUE
MAGNAC SUR TOUVRE,Place du marché,Place du marché,,15/06/2022 01:31:57,TRUE,,,"45.665921, 0.237220",TRUE
MAGNAC SUR TOUVRE,Rue A. Briand,Rue A. Briand,,15/06/2022 01:32:35,TRUE,,,"45.658769, 0.234946",TRUE
MAGNAC SUR TOUVRE,Rue J. Jaurès,Rue J. Jaurès,,16/06/2022 09:41:36,TRUE,,,"45.658279, 0.234692",TRUE
MAGNAC SUR TOUVRE,Rue P. Cézanne,Rue P. Cézanne,,15/06/2022 22:58:07,TRUE,,,"45.644991, 0.247302",TRUE
MORNAC,Rue des écoles,Rue des écoles,,15/06/2022 22:59:02,TRUE,,,"45.679527, 0.273052",TRUE
MORNAC,Le Quéroy - Route de Mirambeau,Le Quéroy - Route de Mirambeau,1,15/06/2022 23:39:16,TRUE,,1,"45.665041, 0.305755",TRUE
MORNAC,Résidence Chabasse,Résidence Chabasse,1,15/06/2022 22:59:04,TRUE,,1,"45.683471, 0.284934",TRUE
MORNAC,Puy de Nanteuil - Route des grands champs,Puy de Nanteuil - Route des grands champs,,16/06/2022 00:02:48,TRUE,,,"45.700205, 0.270279",TRUE
MORNAC,,,1,16/12/2022 22:06:52,FALSE,2,,"45.699617, 0.270970",FALSE
NERSAC,Salle communale,,,15/06/2022 23:28:42,TRUE,,,"45.623645, 0.050572",TRUE
NERSAC,Place de l’Union,,,15/06/2022 23:23:52,TRUE,,,"45.625847, 0.050950",TRUE
NERSAC,HLM,,,15/06/2022 23:28:40,TRUE,,,"45.626009, 0.049680",TRUE
NERSAC,École Alfred de Vigny groupe B,,,15/06/2022 23:28:37,TRUE,,,"45.627446, 0.050924",TRUE
NERSAC,Les Fleuranceaux,,,15/06/2022 23:27:07,TRUE,,,"45.630206, 0.052676",TRUE
NERSAC,La Meure,,,11/06/2022 09:17:48,TRUE,,,"45.633174, 0.047320",TRUE
NERSAC,Place du Peu,,,15/06/2022 23:28:47,TRUE,,,"45.625586, 0.059406",TRUE
NERSAC,Le Vieux Peu,,,15/06/2022 23:28:53,TRUE,,,"45.624915, 0.058345",TRUE
NERSAC,Le Pont Thuillier,,,15/06/2022 23:28:44,TRUE,,,"45.622077, 0.052672",TRUE
NERSAC,Place de Pombreton,,,15/06/2022 23:29:39,TRUE,,,"45.617804, 0.061088",TRUE
NERSAC,,La Meure,,23/06/2022 19:05:25,TRUE,4,,"45.633124, 0.047295",FALSE
NERSAC,,Rue Angoulême / Fontenelles,,23/06/2022 19:05:24,TRUE,4,,"45.626064, 0.052641",FALSE
PUYMOYEN,Impasse de l’Ouche du Roy,,,16/06/2022 08:39:15,TRUE,,,"45.611277, 0.187396",TRUE
PUYMOYEN,Impasse de l’Ouche du Roy,,,16/06/2022 08:39:44,TRUE,,,"45.611330, 0.187573",TRUE
PUYMOYEN,Route de la Vallée des Eaux Claires,,,16/06/2022 09:08:54,TRUE,,,"45.616422, 0.154760",TRUE
PUYMOYEN,Rue du Cormier,,,16/06/2022 08:29:36,TRUE,,,"45.616307, 0.173847",TRUE
PUYMOYEN,Rue des Bois de Rochefort,,,16/06/2022 08:25:45,TRUE,,,"45.618386, 0.166834",TRUE
PUYMOYEN,Rue de Vouillac,,,16/06/2022 08:18:50,TRUE,,,"45.620842, 0.162050",TRUE
PUYMOYEN,Rue de Peusec (devant la salle des fêtes),,,16/06/2022 08:48:02,TRUE,,,"45.618136, 0.181021",TRUE
PUYMOYEN,Rue de la Prairie,,,16/06/2022 08:00:52,TRUE,,,"45.627571, 0.158058",TRUE
PUYMOYEN,Rue des Reclos (devant le parking),,,16/06/2022 08:34:43,TRUE,,,"45.621000, 0.179966",TRUE
PUYMOYEN,Le Champ de la Croix,,,16/06/2022 18:36:23,TRUE,,,"45.614875, 0.185640",TRUE
Roullet-Saint-Estèphe,"Parking de la Maison pour tous, rue Froide (Roullet bourg)",,,15/06/2022 01:30:51,TRUE,,,"45.583875430994645, 0.04752872324913014",TRUE
Roullet-Saint-Estèphe,"Salle des fêtes, place du Champ-de-Foire (Roullet)",,,15/06/2022 01:30:48,TRUE,,,"45.581083926367576, 0.047861228449164524",TRUE
Roullet-Saint-Estèphe,"Le bourg, Cantine, (Saint-Estèphe",,,15/06/2022 01:30:46,TRUE,,,"45.579677, 0.013132",TRUE
RUELLE sur touvre,école Doisneau,école Doisneau,1,14/06/2022 21:55:20,TRUE,,1,"45.679697, 0.230376",TRUE
RUELLE sur touvre,Place du Champ de Mars,Place du Champ de Mars,,16/06/2022 00:02:33,TRUE,,,"45.678745003855084, 0.22824992948057954",TRUE
RUELLE sur touvre,Ecole des Riffauds,Ecole des Riffauds,1,14/06/2022 22:08:21,TRUE,,1,"45.688926, 0.257358",TRUE
RUELLE sur touvre,les seguins,les seguins,1,14/06/2022 21:46:40,TRUE,,1,"45.679468, 0.212644",TRUE
RUELLE sur touvre,Ecole de Villement,Ecole de Villement,1,14/06/2022 22:23:15,TRUE,,1,"45.678332, 0.196263",TRUE
RUELLE sur touvre,La Combe aux Loups,La Combe aux Loups,,14/06/2022 22:16:59,TRUE,,,"45.687737, 0.221676",TRUE
RUELLE sur touvre,HLM Puyguillen,HLM Puyguillen,1,15/06/2022 23:58:43,TRUE,,1,"45.677288, 0.239821",TRUE
RUELLE sur touvre,Dépôt services communaux,,1,14/06/2022 22:02:25,TRUE,,1,"45.681614, 0.233736",TRUE
RUELLE sur touvre,A,DCNS,1,14/06/2022 21:51:24,TRUE,,1,"45.678749, 0.225340",TRUE
RUELLE sur touvre,"22 Pl. du Champ de Mars, 16600 Ruelle-sur-Touvre",Pl. du Champ de Mars,8,23/12/2022 10:49:33,FALSE,2,1,"45.6781634,0.2286951",FALSE
SAINT-MICHEL,Centre commercial : Avenue de la République,,,15/06/2022 18:09:00,TRUE,,,"45.637096, 0.112146",TRUE
SAINT-MICHEL,Stade : Boulevard de Bretagne,,,15/06/2022 18:13:46,TRUE,,,"45.635077, 0.114333",TRUE
SAINT-MICHEL,Logis de Chantoiseau : Place du 19 mars 1962 (Impasse Chantoiseau),,,15/06/2022 17:47:26,TRUE,,,"45.644825, 0.103265",TRUE
SAINT-MICHEL,Salle Polyvalente : Rue des Douhauds,,,15/06/2022 17:33:21,TRUE,,,"45.640444, 0.109473",TRUE
SAINT-MICHEL,Mairie : Rue Joseph Chaumette,,,15/06/2022 17:23:12,TRUE,,,"45.641421, 0.106816",TRUE
SAINT-MICHEL,HLM : Rue des Poètes,,,15/06/2022 19:46:17,TRUE,,,"45.647963, 0.108517",TRUE
SAINT-MICHEL,Les Hauts de Chantoiseau,,,15/06/2022 17:59:33,TRUE,,,"45.643507, 0.097782",TRUE
SAINT-MICHEL,Place des Sicauds,,,15/06/2022 17:54:26,TRUE,,,"45.640950, 0.101171",TRUE
SAINT-MICHEL,"Rue des Poètes, 16470 Saint-Michel",Rue des Poètes,4,23/12/2022 08:14:30,FALSE,6,4,"45.648052, 0.108426",FALSE
SAINT-MICHEL,"Rue des Peupliers, 16470 Saint-Michel",Rue des Peupliers,1,23/12/2022 08:21:56,FALSE,4,5,"45.639829, 0.100839",FALSE
SAINT-MICHEL,"11 Bd de Bretagne, 16470 Saint-Michel",Club Sportif Saint Michel,1,23/12/2022 08:30:57,FALSE,4,11,"45.634911, 0.114101",FALSE
SAINT-MICHEL,,Les Sicauds,,23/12/2022 08:21:54,FALSE,4,,"45.640750, 0.101436",FALSE
Saint-Yrieix-sur-Charente,6 avenue de l’Union (sur le côté de la Mairie),,,15/06/2022 15:49:45,TRUE,,,"45.675037288837615, 0.1275016632993788",TRUE
Saint-Yrieix-sur-Charente,6 rue de l’Ancienne Mairie (Ecole Nicolas Vanier),,,15/06/2022 16:19:34,TRUE,,,"45.690683, 0.115119",TRUE
Saint-Yrieix-sur-Charente,Carrefour de la rue des Augerauds et des Mesniers,,,15/06/2022 16:21:26,TRUE,,,"45.684889, 0.124887",TRUE
Saint-Yrieix-sur-Charente,Rue Jacques Chardonne (à côté du transformateur),,,15/06/2022 15:36:53,TRUE,,,"45.666309, 0.143212",TRUE
Saint-Yrieix-sur-Charente,22 rue des Ecoles (Préau de l’école C Roy B),,,15/06/2022 15:44:24,TRUE,,,"45.667218, 0.127923",TRUE
Saint-Yrieix-sur-Charente,152 rue J et C Priolaud (en face de l’entrée de la salle des fêtes),,,15/06/2022 15:56:55,TRUE,,,"45.678355, 0.143316",TRUE
Saint-Yrieix-sur-Charente,Angle de l’avenue de l’Union et de l’allée Léo Lagrange (Gymnase des Berneries),,,15/06/2022 15:51:54,TRUE,,,"45.6761110486578, 0.1290371247221045",TRUE
Saint-Yrieix-sur-Charente,Rue des Mesniers (Arrêt de bus « Nautilis »),,,15/06/2022 16:04:17,TRUE,,,"45.683787, 0.142862",TRUE
Sers,,Sers,1,30/05/2022 20:19:52,TRUE,,,"45.598656, 0.322019",TRUE
Soyaux,Espace Henri Matisse (côté droit de l’allée d’accès),,,15/06/2022 00:27:00,TRUE,,,"45.641770, 0.196120",TRUE
Soyaux,Rue De la cigogne,,,15/06/2022 01:29:02,TRUE,,,"45.640173, 0.191894",TRUE
Soyaux,"Place Lucien Petit, du côté de la rue des Lilas",,,15/06/2022 00:31:02,TRUE,,,"45.641856, 0.189755",TRUE
Soyaux,"Le Pétureau, place Charlemagne",,,15/06/2022 00:12:17,TRUE,,,"45.637939, 0.197118",TRUE
Soyaux,"Avenue Christophe Colomb, le long du parking du square du 8 mai 1945",,,15/06/2022 00:01:03,TRUE,,,"45.640384, 0.186198",TRUE
Soyaux,"Antornac, à l’entrée du bourg",,,16/06/2022 15:56:27,TRUE,,,"45.646144, 0.217480",TRUE
Soyaux,"Chemin d’Entreroches, entre la rue de la Combe et l’impasse des Glycines",,,14/06/2022 23:39:53,TRUE,,,"45.650457, 0.194160",TRUE
Soyaux,"Boulevard Léon Blum, entre Gulliver et Mille et une facettes",,,14/06/2022 23:47:20,TRUE,,,"45.648205, 0.184858",TRUE
Soyaux,"Rue Maurice Ravel, à l’angle de la rue Maurice Ravel et rue Maréchal Fayolle",,,14/06/2022 23:51:03,TRUE,,,"45.645254, 0.181197",TRUE
Soyaux,"Square des Marronniers, au croisement de l’allée des Marronniers et de la rue du Bourg",,,15/06/2022 00:24:45,TRUE,,,"45.643048, 0.203264",TRUE
Soyaux,"La croix blanche, carrefour route du Peux et chemin de Bressour",,,15/06/2022 00:18:45,TRUE,,,"45.634350, 0.208018",TRUE
Soyaux,"597 Rue Georges Courteline, 16800 Soyaux",Courteline,3,24/12/2022 09:09:36,FALSE,5,10,"45.650216, 0.184342",FALSE
Soyaux,"18B Rue du Dr Fernand Lamaze, 16800 Soyaux",Fernand Lamaze,3,24/12/2022 09:54:47,FALSE,5,2,"45.642588, 0.182261",FALSE
Soyaux,"12 Av. du Petureau, 16800 Soyaux",Av. du Petureau,6,24/12/2022 09:18:22,FALSE,5,1,"45.638764, 0.193328",FALSE
Touvre,Impasse de la Maillerie,Maillerie,1,16/06/2022 15:29:16,TRUE,,,"45.663750, 0.251690",TRUE
Touvre,Route de la Sablière,La Sablière,1,15/06/2022 22:50:05,TRUE,,,"45.658465, 0.247809",TRUE
Touvre,Beauregard,Beauregard,1,15/06/2022 01:30:21,TRUE,,,"45.6668272, 0.2625494",TRUE
Touvre,Rue des Varennes,Les Varennes,1,15/06/2022 22:51:32,TRUE,,,"45.651394, 0.266119",TRUE
Touvre,Fourville,Fourville,1,16/06/2022 15:23:45,TRUE,,,"45.672317, 0.250258",TRUE
Voeuil-Et-Giget,Bourg de Vœuil,,,16/06/2022 09:44:46,TRUE,,,"45.585438, 0.154409",TRUE
Voeuil-Et-Giget,Bourg de Giget,,,01/07/2022 20:36:47,TRUE,,,"45.604176, 0.153361",TRUE
Voeuil-Et-Giget,Allée des Sports,,,16/06/2022 09:23:37,TRUE,,,"45.592520, 0.149328",TRUE
Vouzan,Salles des fêtes,,,15/06/2022 23:17:49,TRUE,,,"45.602521, 0.356358",TRUE
La couronne,,,3,23/12/2022 09:12:56,FALSE,,,"45.608869, 0.101335",FALSE
Angoulême,"35 Rue de la Belle Allée, 16000 Angoulême, France",,2,24/12/2022 09:39:32,FALSE,,,"45.639205, 0.172024",FALSE
La couronne,,,1,16/06/2022 18:58:41,TRUE,,,"45.599246, 0.099651",TRUE
La couronne,,,1,17/06/2022 22:28:36,TRUE,,,"45.608587, 0.101988",TRUE
Soyaux,,Romain Rolland,,20/06/2022 21:13:27,TRUE,,,"45.646014, 0.189888",TRUE